BRASIL CDS 5 ANOS USD;;;;;;;;
DATA COMPLETA;NORMALIZADO;;;;;;;
01/01/2018;160,27;;FONTE: https://br.investing.com/rates-bonds/brazil-cds-5-years-usd-historical-data;;;;;
02/01/2018;154,24;;CDS é lançado na unidade Bps (basis point) e cotado em dias úteis (EUA). Foi normalizado para repetir os valores dos dias anteriores, contendo portanto, todos os 2738 dias corridos. ;;;;;
03/01/2018;150,83;;;;;;;
04/01/2018;146,46;;;;;;;
05/01/2018;144,74;;;;;;;
06/01/2018;144,74;;;;;;;
07/01/2018;144,74;;;;;;;
08/01/2018;144,74;;;;;;;
09/01/2018;145;;;;;;;
10/01/2018;146,21;;;;;;;
11/01/2018;144,98;;;;;;;
12/01/2018;144,51;;;;;;;
13/01/2018;144,51;;;;;;;
14/01/2018;144,51;;;;;;;
15/01/2018;144,51;;;;;;;
16/01/2018;144,53;;;;;;; 
17/01/2018;145,26;;;;;;;
18/01/2018;145,75;;;;;;;
19/01/2018;148,69;;;;;;;
20/01/2018;148,69;;;;;;;
21/01/2018;148,69;;;;;;;
22/01/2018;147,43;;;;;;;
23/01/2018;149,35;;;;;;;
24/01/2018;143,98;;;;;;;
25/01/2018;142,02;;;;;;;
26/01/2018;141,08;;;;;;;
27/01/2018;141,08;;;;;;;
28/01/2018;141,08;;;;;;;
29/01/2018;143,04;;;;;;;
30/01/2018;144,5;;;;;;;
31/01/2018;144,02;;;;;;;
01/02/2018;143,77;;;;;;;
02/02/2018;149,37;;;;;;;
03/02/2018;149,37;;;;;;;
04/02/2018;149,37;;;;;;;
05/02/2018;158,03;;;;;;;
06/02/2018;151,3;;;;;;;
07/02/2018;152,77;;;;;;;
08/02/2018;164,87;;;;;;;
09/02/2018;175,5;;;;;;;
10/02/2018;175,5;;;;;;;
11/02/2018;175,5;;;;;;;
12/02/2018;168,27;;;;;;;
13/02/2018;169,23;;;;;;;
14/02/2018;161,02;;;;;;;
15/02/2018;151,25;;;;;;;
16/02/2018;150,49;;;;;;;
17/02/2018;150,49;;;;;;;
18/02/2018;150,49;;;;;;;
19/02/2018;150,49;;;;;;;
20/02/2018;155,57;;;;;;;
21/02/2018;156,57;;;;;;;
22/02/2018;155,06;;;;;;;
23/02/2018;152,63;;;;;;;
24/02/2018;152,63;;;;;;;
25/02/2018;152,63;;;;;;;
26/02/2018;147,8;;;;;;;
27/02/2018;153,19;;;;;;;
28/02/2018;155,58;;;;;;;
01/03/2018;157,95;;;;;;;
02/03/2018;155,09;;;;;;;
03/03/2018;155,09;;;;;;;
04/03/2018;155,09;;;;;;;
05/03/2018;151,21;;;;;;;
06/03/2018;149,5;;;;;;;
07/03/2018;150,71;;;;;;;
08/03/2018;150,7;;;;;;;
09/03/2018;143,43;;;;;;;
10/03/2018;143,43;;;;;;;
11/03/2018;143,43;;;;;;;
12/03/2018;142,75;;;;;;;
13/03/2018;143,48;;;;;;;
14/03/2018;142,98;;;;;;;
15/03/2018;145,44;;;;;;;
16/03/2018;145,44;;;;;;;
17/03/2018;145,44;;;;;;;
18/03/2018;145,44;;;;;;;
19/03/2018;151,78;;;;;;;
20/03/2018;161,93;;;;;;;
21/03/2018;158,37;;;;;;;
22/03/2018;165,52;;;;;;;
23/03/2018;170,85;;;;;;;
24/03/2018;170,85;;;;;;;
25/03/2018;170,85;;;;;;;
26/03/2018;165,33;;;;;;;
27/03/2018;166,1;;;;;;;
28/03/2018;164,7;;;;;;;
29/03/2018;161,53;;;;;;;
30/03/2018;161,53;;;;;;;
31/03/2018;161,53;;;;;;;
01/04/2018;161,53;;;;;;;
02/04/2018;164,45;;;;;;;
03/04/2018;163,01;;;;;;;
04/04/2018;164,24;;;;;;;
05/04/2018;160,37;;;;;;;
06/04/2018;165,66;;;;;;;
07/04/2018;165,66;;;;;;;
08/04/2018;165,66;;;;;;;
09/04/2018;168,1;;;;;;;
10/04/2018;165,2;;;;;;;
11/04/2018;164,47;;;;;;;
12/04/2018;163,54;;;;;;;
13/04/2018;167,88;;;;;;;
14/04/2018;167,88;;;;;;;
15/04/2018;167,88;;;;;;;
16/04/2018;166,91;;;;;;;
17/04/2018;164,71;;;;;;;
18/04/2018;163,29;;;;;;;
19/04/2018;166,19;;;;;;;
20/04/2018;168,87;;;;;;;
21/04/2018;168,87;;;;;;;
22/04/2018;168,87;;;;;;;
23/04/2018;168,14;;;;;;;
24/04/2018;170,08;;;;;;;
25/04/2018;171,09;;;;;;;
26/04/2018;169,8;;;;;;;
27/04/2018;167,39;;;;;;;
28/04/2018;167,39;;;;;;;
29/04/2018;167,39;;;;;;;
30/04/2018;172,51;;;;;;;
01/05/2018;175,44;;;;;;;
02/05/2018;181,73;;;;;;;
03/05/2018;189,71;;;;;;;
04/05/2018;181,22;;;;;;;
05/05/2018;181,22;;;;;;;
06/05/2018;181,22;;;;;;;
07/05/2018;188,52;;;;;;;
08/05/2018;199,66;;;;;;;
09/05/2018;191,91;;;;;;;
10/05/2018;180,73;;;;;;;
11/05/2018;182,7;;;;;;;
12/05/2018;182,7;;;;;;;
13/05/2018;182,7;;;;;;;
14/05/2018;183,25;;;;;;;
15/05/2018;186,27;;;;;;;
16/05/2018;187,22;;;;;;;
17/05/2018;192,53;;;;;;;
18/05/2018;202,15;;;;;;;
19/05/2018;202,15;;;;;;;
20/05/2018;202,15;;;;;;;
21/05/2018;194;;;;;;;
22/05/2018;190,12;;;;;;;
23/05/2018;185,66;;;;;;;
24/05/2018;188,63;;;;;;;
25/05/2018;189,83;;;;;;;
26/05/2018;189,83;;;;;;;
27/05/2018;189,83;;;;;;;
28/05/2018;189,83;;;;;;;
29/05/2018;208,62;;;;;;;
30/05/2018;215,78;;;;;;;
31/05/2018;228,28;;;;;;;
01/06/2018;234,76;;;;;;;
02/06/2018;234,76;;;;;;;
03/06/2018;234,76;;;;;;;
04/06/2018;227,98;;;;;;;
05/06/2018;232,67;;;;;;;
06/06/2018;238,65;;;;;;;
07/06/2018;252,47;;;;;;;
08/06/2018;247,23;;;;;;;
09/06/2018;247,23;;;;;;;
10/06/2018;247,23;;;;;;;
11/06/2018;250,19;;;;;;;
12/06/2018;260,84;;;;;;;
13/06/2018;257,94;;;;;;;
14/06/2018;266,36;;;;;;;
15/06/2018;266,84;;;;;;;
16/06/2018;266,84;;;;;;;
17/06/2018;266,84;;;;;;;
18/06/2018;272,19;;;;;;;
19/06/2018;266,77;;;;;;;
20/06/2018;264,47;;;;;;;
21/06/2018;260,27;;;;;;;
22/06/2018;256,97;;;;;;;
23/06/2018;256,97;;;;;;;
24/06/2018;256,97;;;;;;;
25/06/2018;258,85;;;;;;;
26/06/2018;257,86;;;;;;;
27/06/2018;266,84;;;;;;;
28/06/2018;262,58;;;;;;;
29/06/2018;267,98;;;;;;;
30/06/2018;267,98;;;;;;;
01/07/2018;267,98;;;;;;;
02/07/2018;269,46;;;;;;;
03/07/2018;260,67;;;;;;;
04/07/2018;260,82;;;;;;;
05/07/2018;258,81;;;;;;;
06/07/2018;248,09;;;;;;;
07/07/2018;248,09;;;;;;;
08/07/2018;248,09;;;;;;;
09/07/2018;244,38;;;;;;;
10/07/2018;239,48;;;;;;;
11/07/2018;247,65;;;;;;;
12/07/2018;244,36;;;;;;;
13/07/2018;239,65;;;;;;;
14/07/2018;239,65;;;;;;;
15/07/2018;239,65;;;;;;;
16/07/2018;241,68;;;;;;;
17/07/2018;240,4;;;;;;;
18/07/2018;238,21;;;;;;;
19/07/2018;233,76;;;;;;;
20/07/2018;222,04;;;;;;;
21/07/2018;222,04;;;;;;;
22/07/2018;222,04;;;;;;;
23/07/2018;222,58;;;;;;;
24/07/2018;218,89;;;;;;;
25/07/2018;212,13;;;;;;;
26/07/2018;210,67;;;;;;;
27/07/2018;207,5;;;;;;;
28/07/2018;207,5;;;;;;;
29/07/2018;207,5;;;;;;;
30/07/2018;208,73;;;;;;;
31/07/2018;210,65;;;;;;;
01/08/2018;213,09;;;;;;;
02/08/2018;213,55;;;;;;;
03/08/2018;209,16;;;;;;;
04/08/2018;209,16;;;;;;;
05/08/2018;209,16;;;;;;;
06/08/2018;209,18;;;;;;;
07/08/2018;213,62;;;;;;;
08/08/2018;216,5;;;;;;;
09/08/2018;223,72;;;;;;;
10/08/2018;235,24;;;;;;;
11/08/2018;235,24;;;;;;;
12/08/2018;235,24;;;;;;;
13/08/2018;243,46;;;;;;;
14/08/2018;233,21;;;;;;;
15/08/2018;239,09;;;;;;;
16/08/2018;232,17;;;;;;;
17/08/2018;236,57;;;;;;;
18/08/2018;236,57;;;;;;;
19/08/2018;236,57;;;;;;;
20/08/2018;241,82;;;;;;;
21/08/2018;251,2;;;;;;;
22/08/2018;263,23;;;;;;;
23/08/2018;275,51;;;;;;;
24/08/2018;278,93;;;;;;;
25/08/2018;278,93;;;;;;;
26/08/2018;278,93;;;;;;;
27/08/2018;278,53;;;;;;;
28/08/2018;285,86;;;;;;;
29/08/2018;287,29;;;;;;;
30/08/2018;296,03;;;;;;;
31/08/2018;298,97;;;;;;;
01/09/2018;298,97;;;;;;;
02/09/2018;298,97;;;;;;;
03/09/2018;298,99;;;;;;;
04/09/2018;304,92;;;;;;;
05/09/2018;287,35;;;;;;;
06/09/2018;275,58;;;;;;;
07/09/2018;275,25;;;;;;;
08/09/2018;275,25;;;;;;;
09/09/2018;275,25;;;;;;;
10/09/2018;275,62;;;;;;;
11/09/2018;283,99;;;;;;;
12/09/2018;276,6;;;;;;;
13/09/2018;277,13;;;;;;;
14/09/2018;281,13;;;;;;;
15/09/2018;281,13;;;;;;;
16/09/2018;281,13;;;;;;;
17/09/2018;276,67;;;;;;;
18/09/2018;276,29;;;;;;;
19/09/2018;274,29;;;;;;;
20/09/2018;270,03;;;;;;;
21/09/2018;257,1;;;;;;;
22/09/2018;257,1;;;;;;;
23/09/2018;257,1;;;;;;;
24/09/2018;265,18;;;;;;;
25/09/2018;264,23;;;;;;;
26/09/2018;256,4;;;;;;;
27/09/2018;253,52;;;;;;;
28/09/2018;255,11;;;;;;;
29/09/2018;255,11;;;;;;;
30/09/2018;255,11;;;;;;;
01/10/2018;261,53;;;;;;;
02/10/2018;249,82;;;;;;;
03/10/2018;239,95;;;;;;;
04/10/2018;243,41;;;;;;;
05/10/2018;241,93;;;;;;;
06/10/2018;241,93;;;;;;;
07/10/2018;241,93;;;;;;;
08/10/2018;231,71;;;;;;;
09/10/2018;218,46;;;;;;;
10/10/2018;229,56;;;;;;;
11/10/2018;225,19;;;;;;;
12/10/2018;221,82;;;;;;;
13/10/2018;221,82;;;;;;;
14/10/2018;221,82;;;;;;;
15/10/2018;221,34;;;;;;;
16/10/2018;210,21;;;;;;;
17/10/2018;207,81;;;;;;;
18/10/2018;217,57;;;;;;;
19/10/2018;212;;;;;;;
20/10/2018;212;;;;;;;
21/10/2018;212;;;;;;;
22/10/2018;208,09;;;;;;;
23/10/2018;208,05;;;;;;;
24/10/2018;211,4;;;;;;;
25/10/2018;208,17;;;;;;;
26/10/2018;206,61;;;;;;;
27/10/2018;206,61;;;;;;;
28/10/2018;206,61;;;;;;;
29/10/2018;208,67;;;;;;;
30/10/2018;203,35;;;;;;;
31/10/2018;201,42;;;;;;;
01/11/2018;197,92;;;;;;;
02/11/2018;195,08;;;;;;;
03/11/2018;195,08;;;;;;;
04/11/2018;195,08;;;;;;;
05/11/2018;193,07;;;;;;;
06/11/2018;193,59;;;;;;;
07/11/2018;192,62;;;;;;;
08/11/2018;198;;;;;;;
09/11/2018;197,78;;;;;;;
10/11/2018;197,78;;;;;;;
11/11/2018;197,78;;;;;;;
12/11/2018;197,93;;;;;;;
13/11/2018;204,69;;;;;;;
14/11/2018;205,68;;;;;;;
15/11/2018;205,49;;;;;;;
16/11/2018;203,98;;;;;;;
17/11/2018;203,98;;;;;;;
18/11/2018;203,98;;;;;;;
19/11/2018;204,98;;;;;;;
20/11/2018;213,34;;;;;;;
21/11/2018;211,38;;;;;;;
22/11/2018;211,36;;;;;;;
23/11/2018;213,77;;;;;;;
24/11/2018;213,77;;;;;;;
25/11/2018;213,77;;;;;;;
26/11/2018;217,22;;;;;;;
27/11/2018;219,62;;;;;;;
28/11/2018;207,93;;;;;;;
29/11/2018;207,44;;;;;;;
30/11/2018;207,46;;;;;;;
01/12/2018;207,46;;;;;;;
02/12/2018;207,46;;;;;;;
03/12/2018;205,53;;;;;;;
04/12/2018;219,62;;;;;;;
05/12/2018;206,92;;;;;;;
06/12/2018;209,36;;;;;;;
07/12/2018;206,15;;;;;;;
08/12/2018;206,15;;;;;;;
09/12/2018;206,15;;;;;;;
10/12/2018;207,14;;;;;;;
11/12/2018;204,84;;;;;;;
12/12/2018;202,87;;;;;;;
13/12/2018;196,61;;;;;;;
14/12/2018;196,59;;;;;;;
15/12/2018;196,59;;;;;;;
16/12/2018;196,59;;;;;;;
17/12/2018;195,17;;;;;;;
18/12/2018;194,9;;;;;;;
19/12/2018;197,33;;;;;;;
20/12/2018;204,74;;;;;;;
21/12/2018;207,52;;;;;;;
22/12/2018;207,52;;;;;;;
23/12/2018;207,52;;;;;;;
24/12/2018;210,79;;;;;;;
25/12/2018;210,78;;;;;;;
26/12/2018;212,51;;;;;;;
27/12/2018;209,91;;;;;;;
28/12/2018;206,74;;;;;;;
29/12/2018;206,74;;;;;;;
30/12/2018;206,74;;;;;;;
31/12/2018;205,34;;;;;;;
01/01/2019;205,34;;;;;;;
02/01/2019;201,29;;;;;;;
03/01/2019;198,61;;;;;;;
04/01/2019;188,87;;;;;;;
05/01/2019;188,87;;;;;;;
06/01/2019;188,87;;;;;;;
07/01/2019;183,15;;;;;;;
08/01/2019;182,72;;;;;;;
09/01/2019;177,94;;;;;;;
10/01/2019;180,94;;;;;;;
11/01/2019;182,3;;;;;;;
12/01/2019;182,3;;;;;;;
13/01/2019;182,3;;;;;;;
14/01/2019;182,36;;;;;;;
15/01/2019;181,75;;;;;;;
16/01/2019;180,19;;;;;;;
17/01/2019;178,85;;;;;;;
18/01/2019;170,87;;;;;;;
19/01/2019;170,87;;;;;;;
20/01/2019;170,87;;;;;;;
21/01/2019;170,87;;;;;;;
22/01/2019;175,17;;;;;;;
23/01/2019;171,79;;;;;;;
24/01/2019;170,53;;;;;;;
25/01/2019;169,73;;;;;;;
26/01/2019;169,73;;;;;;;
27/01/2019;169,73;;;;;;;
28/01/2019;171,01;;;;;;;
29/01/2019;169,49;;;;;;;
30/01/2019;167,68;;;;;;;
31/01/2019;164,1;;;;;;;
01/02/2019;164,78;;;;;;;
02/02/2019;164,78;;;;;;;
03/02/2019;164,78;;;;;;;
04/02/2019;164,15;;;;;;;
05/02/2019;160,27;;;;;;;
06/02/2019;163,82;;;;;;;
07/02/2019;167,41;;;;;;;
08/02/2019;171,21;;;;;;;
09/02/2019;171,21;;;;;;;
10/02/2019;171,21;;;;;;;
11/02/2019;172,89;;;;;;;
12/02/2019;168,25;;;;;;;
13/02/2019;168,67;;;;;;;
14/02/2019;165,43;;;;;;;
15/02/2019;161,88;;;;;;;
16/02/2019;161,88;;;;;;;
17/02/2019;161,88;;;;;;;
18/02/2019;161,88;;;;;;;
19/02/2019;161,89;;;;;;;
20/02/2019;163,18;;;;;;;
21/02/2019;164,94;;;;;;;
22/02/2019;161,42;;;;;;;
23/02/2019;161,42;;;;;;;
24/02/2019;161,42;;;;;;;
25/02/2019;158,05;;;;;;;
26/02/2019;156;;;;;;;
27/02/2019;152,84;;;;;;;
28/02/2019;153,35;;;;;;;
01/03/2019;156,43;;;;;;;
02/03/2019;156,43;;;;;;;
03/03/2019;156,43;;;;;;;
04/03/2019;157,15;;;;;;;
05/03/2019;160,91;;;;;;;
06/03/2019;162,6;;;;;;;
07/03/2019;165;;;;;;;
08/03/2019;163,5;;;;;;;
09/03/2019;163,5;;;;;;;
10/03/2019;163,5;;;;;;;
11/03/2019;154,87;;;;;;;
12/03/2019;155,21;;;;;;;
13/03/2019;154,37;;;;;;;
14/03/2019;154,93;;;;;;;
15/03/2019;154,56;;;;;;;
16/03/2019;154,56;;;;;;;
17/03/2019;154,56;;;;;;;
18/03/2019;152,41;;;;;;;
19/03/2019;148,22;;;;;;;
20/03/2019;161,03;;;;;;;
21/03/2019;161,98;;;;;;;
22/03/2019;177,23;;;;;;;
23/03/2019;177,23;;;;;;;
24/03/2019;177,23;;;;;;;
25/03/2019;173,69;;;;;;;
26/03/2019;171,12;;;;;;;
27/03/2019;184,74;;;;;;;
28/03/2019;179,71;;;;;;;
29/03/2019;174,53;;;;;;;
30/03/2019;174,53;;;;;;;
31/03/2019;174,53;;;;;;;
01/04/2019;167,97;;;;;;;
02/04/2019;168,29;;;;;;;
03/04/2019;168,97;;;;;;;
04/04/2019;171,05;;;;;;;
05/04/2019;169,85;;;;;;;
06/04/2019;169,85;;;;;;;
07/04/2019;169,85;;;;;;;
08/04/2019;169,58;;;;;;;
09/04/2019;168,77;;;;;;;
10/04/2019;166,78;;;;;;;
11/04/2019;169,4;;;;;;;
12/04/2019;169,46;;;;;;;
13/04/2019;169,46;;;;;;;
14/04/2019;169,46;;;;;;;
15/04/2019;167,46;;;;;;;
16/04/2019;166,69;;;;;;;
17/04/2019;169,75;;;;;;;
18/04/2019;170,31;;;;;;;
19/04/2019;170,31;;;;;;;
20/04/2019;170,31;;;;;;;
21/04/2019;170,31;;;;;;;
22/04/2019;169,52;;;;;;;
23/04/2019;167,73;;;;;;;
24/04/2019;174,61;;;;;;;
25/04/2019;175,36;;;;;;;
26/04/2019;174,05;;;;;;;
27/04/2019;174,05;;;;;;;
28/04/2019;174,05;;;;;;;
29/04/2019;171,66;;;;;;;
30/04/2019;171,47;;;;;;;
01/05/2019;171,74;;;;;;;
02/05/2019;173,25;;;;;;;
03/05/2019;169,43;;;;;;;
04/05/2019;169,43;;;;;;;
05/05/2019;169,43;;;;;;;
06/05/2019;170,54;;;;;;;
07/05/2019;174,6;;;;;;;
08/05/2019;170,95;;;;;;;
09/05/2019;172,25;;;;;;;
10/05/2019;170,86;;;;;;;
11/05/2019;170,86;;;;;;;
12/05/2019;170,86;;;;;;;
13/05/2019;174,75;;;;;;;
14/05/2019;174,52;;;;;;;
15/05/2019;171,94;;;;;;;
16/05/2019;179,41;;;;;;;
17/05/2019;183,95;;;;;;;
18/05/2019;183,95;;;;;;;
19/05/2019;183,95;;;;;;;
20/05/2019;182,35;;;;;;;
21/05/2019;176,09;;;;;;;
22/05/2019;176,4;;;;;;;
23/05/2019;179,36;;;;;;;
24/05/2019;178,2;;;;;;;
25/05/2019;178,2;;;;;;;
26/05/2019;178,2;;;;;;;
27/05/2019;178,21;;;;;;;
28/05/2019;178,95;;;;;;;
29/05/2019;178,81;;;;;;;
30/05/2019;177,72;;;;;;;
31/05/2019;178,18;;;;;;;
01/06/2019;178,18;;;;;;;
02/06/2019;178,18;;;;;;;
03/06/2019;177,61;;;;;;;
04/06/2019;170,74;;;;;;;
05/06/2019;172,97;;;;;;;
06/06/2019;171,98;;;;;;;
07/06/2019;167,98;;;;;;;
08/06/2019;167,98;;;;;;;
09/06/2019;167,98;;;;;;;
10/06/2019;167,28;;;;;;;
11/06/2019;166,12;;;;;;;
12/06/2019;164,13;;;;;;;
13/06/2019;162,26;;;;;;;
14/06/2019;164,14;;;;;;;
15/06/2019;164,14;;;;;;;
16/06/2019;164,14;;;;;;;
17/06/2019;164,13;;;;;;;
18/06/2019;157,15;;;;;;;
19/06/2019;153,66;;;;;;;
20/06/2019;147,64;;;;;;;
21/06/2019;148,97;;;;;;;
22/06/2019;148,97;;;;;;;
23/06/2019;148,97;;;;;;;
24/06/2019;150,34;;;;;;;
25/06/2019;151,09;;;;;;;
26/06/2019;151,88;;;;;;;
27/06/2019;149,35;;;;;;;
28/06/2019;149,18;;;;;;;
29/06/2019;149,18;;;;;;;
30/06/2019;149,18;;;;;;;
01/07/2019;146,12;;;;;;;
02/07/2019;146,35;;;;;;;
03/07/2019;146,09;;;;;;;
04/07/2019;146,09;;;;;;;
05/07/2019;144,69;;;;;;;
06/07/2019;144,69;;;;;;;
07/07/2019;144,69;;;;;;;
08/07/2019;143,1;;;;;;;
09/07/2019;135,4;;;;;;;
10/07/2019;130,24;;;;;;;
11/07/2019;129,36;;;;;;;
12/07/2019;127,75;;;;;;;
13/07/2019;127,75;;;;;;;
14/07/2019;127,75;;;;;;;
15/07/2019;127,35;;;;;;;
16/07/2019;128,56;;;;;;;
17/07/2019;128,91;;;;;;;
18/07/2019;127,98;;;;;;;
19/07/2019;127,7;;;;;;;
20/07/2019;127,7;;;;;;;
21/07/2019;127,7;;;;;;;
22/07/2019;127,31;;;;;;;
23/07/2019;126,67;;;;;;;
24/07/2019;125,29;;;;;;;
25/07/2019;124,3;;;;;;;
26/07/2019;123,16;;;;;;;
27/07/2019;123,16;;;;;;;
28/07/2019;123,16;;;;;;;
29/07/2019;124,07;;;;;;;
30/07/2019;125,47;;;;;;;
31/07/2019;126,2;;;;;;;
01/08/2019;126,98;;;;;;;
02/08/2019;132,22;;;;;;;
03/08/2019;132,22;;;;;;;
04/08/2019;132,22;;;;;;;
05/08/2019;142,45;;;;;;;
06/08/2019;137,49;;;;;;;
07/08/2019;138,54;;;;;;;
08/08/2019;129,46;;;;;;;
09/08/2019;130,06;;;;;;;
10/08/2019;130,06;;;;;;;
11/08/2019;130,06;;;;;;;
12/08/2019;136,5;;;;;;;
13/08/2019;132,54;;;;;;;
14/08/2019;141,29;;;;;;;
15/08/2019;140,05;;;;;;;
16/08/2019;137,47;;;;;;;
17/08/2019;137,47;;;;;;;
18/08/2019;137,47;;;;;;;
19/08/2019;138,41;;;;;;;
20/08/2019;138,81;;;;;;;
21/08/2019;136,5;;;;;;;
22/08/2019;135,52;;;;;;;
23/08/2019;136,78;;;;;;;
24/08/2019;136,78;;;;;;;
25/08/2019;136,78;;;;;;;
26/08/2019;141,03;;;;;;;
27/08/2019;140,33;;;;;;;
28/08/2019;139,53;;;;;;;
29/08/2019;138,16;;;;;;;
30/08/2019;133,68;;;;;;;
31/08/2019;133,68;;;;;;;
01/09/2019;133,68;;;;;;;
02/09/2019;133,67;;;;;;;
03/09/2019;131,74;;;;;;;
04/09/2019;126,51;;;;;;;
05/09/2019;125,7;;;;;;;
06/09/2019;123,49;;;;;;;
07/09/2019;123,49;;;;;;;
08/09/2019;123,49;;;;;;;
09/09/2019;123,57;;;;;;;
10/09/2019;122,61;;;;;;;
11/09/2019;123,9;;;;;;;
12/09/2019;123,07;;;;;;;
13/09/2019;123,07;;;;;;;
14/09/2019;123,07;;;;;;;
15/09/2019;123,07;;;;;;;
16/09/2019;121,57;;;;;;;
17/09/2019;119,63;;;;;;;
18/09/2019;119,58;;;;;;;
19/09/2019;118,04;;;;;;;
20/09/2019;130,44;;;;;;;
21/09/2019;130,44;;;;;;;
22/09/2019;130,44;;;;;;;
23/09/2019;130,6;;;;;;;
24/09/2019;137,11;;;;;;;
25/09/2019;137,09;;;;;;;
26/09/2019;136,52;;;;;;;
27/09/2019;137,19;;;;;;;
28/09/2019;137,19;;;;;;;
29/09/2019;137,19;;;;;;;
30/09/2019;136,23;;;;;;;
01/10/2019;136,22;;;;;;;
02/10/2019;138,74;;;;;;;
03/10/2019;137,11;;;;;;;
04/10/2019;137,2;;;;;;;
05/10/2019;137,2;;;;;;;
06/10/2019;137,2;;;;;;;
07/10/2019;139,21;;;;;;;
08/10/2019;142,43;;;;;;;
09/10/2019;139,8;;;;;;;
10/10/2019;137,13;;;;;;;
11/10/2019;133,37;;;;;;;
12/10/2019;133,37;;;;;;;
13/10/2019;133,37;;;;;;;
14/10/2019;133,37;;;;;;;
15/10/2019;130,93;;;;;;;
16/10/2019;131,31;;;;;;;
17/10/2019;129,69;;;;;;;
18/10/2019;128,81;;;;;;;
19/10/2019;128,81;;;;;;;
20/10/2019;128,81;;;;;;;
21/10/2019;127,45;;;;;;;
22/10/2019;126,5;;;;;;;
23/10/2019;123,49;;;;;;;
24/10/2019;121,54;;;;;;;
25/10/2019;118,71;;;;;;;
26/10/2019;118,71;;;;;;;
27/10/2019;118,71;;;;;;;
28/10/2019;117,15;;;;;;;
29/10/2019;117,14;;;;;;;
30/10/2019;118,03;;;;;;;
31/10/2019;121,31;;;;;;;
01/11/2019;116,67;;;;;;;
02/11/2019;116,67;;;;;;;
03/11/2019;116,67;;;;;;;
04/11/2019;114,94;;;;;;;
05/11/2019;115,25;;;;;;;
06/11/2019;118,61;;;;;;;
07/11/2019;115,76;;;;;;;
08/11/2019;117,18;;;;;;;
09/11/2019;117,18;;;;;;;
10/11/2019;117,18;;;;;;;
11/11/2019;117,18;;;;;;;
12/11/2019;120,18;;;;;;;
13/11/2019;120,63;;;;;;;
14/11/2019;121,45;;;;;;;
15/11/2019;121,53;;;;;;;
16/11/2019;121,53;;;;;;;
17/11/2019;121,53;;;;;;;
18/11/2019;123,73;;;;;;;
19/11/2019;126,33;;;;;;;
20/11/2019;127,86;;;;;;;
21/11/2019;126,63;;;;;;;
22/11/2019;124,06;;;;;;;
23/11/2019;124,06;;;;;;;
24/11/2019;124,06;;;;;;;
25/11/2019;123,97;;;;;;;
26/11/2019;123,36;;;;;;;
27/11/2019;123,59;;;;;;;
28/11/2019;123,59;;;;;;;
29/11/2019;124,14;;;;;;;
30/11/2019;124,14;;;;;;;
01/12/2019;124,14;;;;;;;
02/12/2019;124,88;;;;;;;
03/12/2019;124,92;;;;;;;
04/12/2019;122,18;;;;;;;
05/12/2019;120,63;;;;;;;
06/12/2019;117,42;;;;;;;
07/12/2019;117,42;;;;;;;
08/12/2019;117,42;;;;;;;
09/12/2019;116,47;;;;;;;
10/12/2019;113,99;;;;;;;
11/12/2019;108,38;;;;;;;
12/12/2019;101,23;;;;;;;
13/12/2019;100,77;;;;;;;
14/12/2019;100,77;;;;;;;
15/12/2019;100,77;;;;;;;
16/12/2019;97,29;;;;;;;
17/12/2019;96,8;;;;;;;
18/12/2019;98,62;;;;;;;
19/12/2019;103,16;;;;;;;
20/12/2019;103,58;;;;;;;
21/12/2019;103,58;;;;;;;
22/12/2019;103,58;;;;;;;
23/12/2019;103,51;;;;;;;
24/12/2019;103,4;;;;;;;
25/12/2019;103,4;;;;;;;
26/12/2019;102,01;;;;;;;
27/12/2019;99,97;;;;;;;
28/12/2019;99,97;;;;;;;
29/12/2019;99,97;;;;;;;
30/12/2019;99,52;;;;;;;
31/12/2019;99,11;;;;;;;
01/01/2020;99,11;;;;;;;
02/01/2020;97,45;;;;;;;
03/01/2020;99,38;;;;;;;
04/01/2020;99,38;;;;;;;
05/01/2020;99,38;;;;;;;
06/01/2020;98,42;;;;;;;
07/01/2020;98,68;;;;;;;
08/01/2020;97,34;;;;;;;
09/01/2020;97,11;;;;;;;
10/01/2020;98,81;;;;;;;
11/01/2020;98,81;;;;;;;
12/01/2020;98,81;;;;;;;
13/01/2020;99,98;;;;;;;
14/01/2020;101,08;;;;;;;
15/01/2020;100,2;;;;;;;
16/01/2020;97,11;;;;;;;
17/01/2020;97,88;;;;;;;
18/01/2020;97,88;;;;;;;
19/01/2020;97,88;;;;;;;
20/01/2020;97,88;;;;;;;
21/01/2020;98,62;;;;;;;
22/01/2020;98,02;;;;;;;
23/01/2020;99,5;;;;;;;
24/01/2020;101,9;;;;;;;
25/01/2020;101,9;;;;;;;
26/01/2020;101,9;;;;;;;
27/01/2020;106,47;;;;;;;
28/01/2020;99,19;;;;;;;
29/01/2020;96,18;;;;;;;
30/01/2020;100,52;;;;;;;
31/01/2020;104,56;;;;;;;
01/02/2020;104,56;;;;;;;
02/02/2020;104,56;;;;;;;
03/02/2020;102,67;;;;;;;
04/02/2020;98,72;;;;;;;
05/02/2020;96,06;;;;;;;
06/02/2020;96,37;;;;;;;
07/02/2020;100,34;;;;;;;
08/02/2020;100,34;;;;;;;
09/02/2020;100,34;;;;;;;
10/02/2020;100,09;;;;;;;
11/02/2020;97,98;;;;;;;
12/02/2020;96,89;;;;;;;
13/02/2020;97,02;;;;;;;
14/02/2020;93,26;;;;;;;
15/02/2020;93,26;;;;;;;
16/02/2020;93,26;;;;;;;
17/02/2020;93,26;;;;;;;
18/02/2020;92,51;;;;;;;
19/02/2020;92,06;;;;;;;
20/02/2020;92,52;;;;;;;
21/02/2020;92,96;;;;;;;
22/02/2020;92,96;;;;;;;
23/02/2020;92,96;;;;;;;
24/02/2020;99,46;;;;;;;
25/02/2020;106,95;;;;;;;
26/02/2020;110,76;;;;;;;
27/02/2020;124,91;;;;;;;
28/02/2020;134,66;;;;;;;
29/02/2020;134,66;;;;;;;
01/03/2020;134,66;;;;;;;
02/03/2020;125,25;;;;;;;
03/03/2020;120,54;;;;;;;
04/03/2020;110,49;;;;;;;
05/03/2020;132,35;;;;;;;
06/03/2020;142,15;;;;;;;
07/03/2020;142,15;;;;;;;
08/03/2020;142,15;;;;;;;
09/03/2020;142,14;;;;;;;
10/03/2020;173,65;;;;;;;
11/03/2020;222,12;;;;;;;
12/03/2020;290,1;;;;;;;
13/03/2020;248,92;;;;;;;
14/03/2020;248,92;;;;;;;
15/03/2020;248,92;;;;;;;
16/03/2020;311,92;;;;;;;
17/03/2020;300,18;;;;;;;
18/03/2020;376,53;;;;;;;
19/03/2020;342,55;;;;;;;
20/03/2020;340,53;;;;;;;
21/03/2020;340,53;;;;;;;
22/03/2020;340,53;;;;;;;
23/03/2020;360,56;;;;;;;
24/03/2020;298,41;;;;;;;
25/03/2020;221,19;;;;;;;
26/03/2020;226,04;;;;;;;
27/03/2020;259,81;;;;;;;
28/03/2020;259,81;;;;;;;
29/03/2020;259,81;;;;;;;
30/03/2020;264,87;;;;;;;
31/03/2020;264,85;;;;;;;
01/04/2020;327,79;;;;;;;
02/04/2020;327,84;;;;;;;
03/04/2020;347,1;;;;;;;
04/04/2020;347,1;;;;;;;
05/04/2020;347,1;;;;;;;
06/04/2020;332,88;;;;;;;
07/04/2020;313,52;;;;;;;
08/04/2020;313,47;;;;;;;
09/04/2020;255,18;;;;;;;
10/04/2020;255,18;;;;;;;
11/04/2020;255,18;;;;;;;
12/04/2020;255,18;;;;;;;
13/04/2020;265,09;;;;;;;
14/04/2020;265,13;;;;;;;
15/04/2020;289,13;;;;;;;
16/04/2020;294,16;;;;;;;
17/04/2020;284,44;;;;;;;
18/04/2020;284,44;;;;;;;
19/04/2020;284,44;;;;;;;
20/04/2020;289,23;;;;;;;
21/04/2020;313,29;;;;;;;
22/04/2020;313,31;;;;;;;
23/04/2020;323,12;;;;;;;
24/04/2020;361,62;;;;;;;
25/04/2020;361,62;;;;;;;
26/04/2020;361,62;;;;;;;
27/04/2020;366,65;;;;;;;
28/04/2020;346,99;;;;;;;
29/04/2020;313,32;;;;;;;
30/04/2020;298,91;;;;;;;
01/05/2020;313,47;;;;;;;
02/05/2020;313,47;;;;;;;
03/05/2020;313,47;;;;;;;
04/05/2020;313,44;;;;;;;
05/05/2020;308,93;;;;;;;
06/05/2020;323,45;;;;;;;
07/05/2020;318,32;;;;;;;
08/05/2020;309,05;;;;;;;
09/05/2020;309,05;;;;;;;
10/05/2020;309,05;;;;;;;
11/05/2020;309,1;;;;;;;
12/05/2020;323,49;;;;;;;
13/05/2020;338,16;;;;;;;
14/05/2020;337,79;;;;;;;
15/05/2020;337,89;;;;;;;
16/05/2020;337,89;;;;;;;
17/05/2020;337,89;;;;;;;
18/05/2020;318,65;;;;;;;
19/05/2020;323,27;;;;;;;
20/05/2020;308,86;;;;;;;
21/05/2020;294,3;;;;;;;
22/05/2020;304,01;;;;;;;
23/05/2020;304,01;;;;;;;
24/05/2020;304,01;;;;;;;
25/05/2020;304,02;;;;;;;
26/05/2020;270,45;;;;;;;
27/05/2020;265,58;;;;;;;
28/05/2020;265,58;;;;;;;
29/05/2020;284,79;;;;;;;
30/05/2020;284,79;;;;;;;
31/05/2020;284,79;;;;;;;
01/06/2020;270,34;;;;;;;
02/06/2020;241,32;;;;;;;
03/06/2020;223,91;;;;;;;
04/06/2020;224,57;;;;;;;
05/06/2020;202,7;;;;;;;
06/06/2020;202,7;;;;;;;
07/06/2020;202,7;;;;;;;
08/06/2020;205,49;;;;;;;
09/06/2020;217,14;;;;;;;
10/06/2020;221,3;;;;;;;
11/06/2020;270,69;;;;;;;
12/06/2020;260,99;;;;;;;
13/06/2020;260,99;;;;;;;
14/06/2020;260,99;;;;;;;
15/06/2020;258,09;;;;;;;
16/06/2020;243,93;;;;;;;
17/06/2020;253,98;;;;;;;
18/06/2020;260,66;;;;;;;
19/06/2020;259,07;;;;;;;
20/06/2020;259,07;;;;;;;
21/06/2020;259,07;;;;;;;
22/06/2020;259,09;;;;;;;
23/06/2020;246,38;;;;;;;
24/06/2020;258,13;;;;;;;
25/06/2020;256,18;;;;;;;
26/06/2020;262,94;;;;;;;
27/06/2020;262,94;;;;;;;
28/06/2020;262,94;;;;;;;
29/06/2020;260,05;;;;;;;
30/06/2020;251,36;;;;;;;
01/07/2020;234,78;;;;;;;
02/07/2020;224,97;;;;;;;
03/07/2020;224,18;;;;;;;
04/07/2020;224,18;;;;;;;
05/07/2020;224,18;;;;;;;
06/07/2020;222,03;;;;;;;
07/07/2020;226,57;;;;;;;
08/07/2020;231,49;;;;;;;
09/07/2020;235,42;;;;;;;
10/07/2020;238,3;;;;;;;
11/07/2020;238,3;;;;;;;
12/07/2020;238,3;;;;;;;
13/07/2020;234,94;;;;;;;
14/07/2020;237,13;;;;;;;
15/07/2020;234,85;;;;;;;
16/07/2020;237,63;;;;;;;
17/07/2020;228,46;;;;;;;
18/07/2020;228,46;;;;;;;
19/07/2020;228,46;;;;;;;
20/07/2020;221,29;;;;;;;
21/07/2020;209,02;;;;;;;
22/07/2020;201,01;;;;;;;
23/07/2020;216,17;;;;;;;
24/07/2020;225,2;;;;;;;
25/07/2020;225,2;;;;;;;
26/07/2020;225,2;;;;;;;
27/07/2020;220,85;;;;;;;
28/07/2020;221,25;;;;;;;
29/07/2020;216,21;;;;;;;
30/07/2020;219,16;;;;;;;
31/07/2020;215,22;;;;;;;
01/08/2020;215,22;;;;;;;
02/08/2020;215,22;;;;;;;
03/08/2020;215,17;;;;;;;
04/08/2020;218,87;;;;;;;
05/08/2020;216,25;;;;;;;
06/08/2020;213,36;;;;;;;
07/08/2020;213,32;;;;;;;
08/08/2020;213,32;;;;;;;
09/08/2020;213,32;;;;;;;
10/08/2020;208,77;;;;;;;
11/08/2020;204,89;;;;;;;
12/08/2020;207,07;;;;;;;
13/08/2020;218,42;;;;;;;
14/08/2020;224,74;;;;;;;
15/08/2020;224,74;;;;;;;
16/08/2020;224,74;;;;;;;
17/08/2020;227,99;;;;;;;
18/08/2020;222,45;;;;;;;
19/08/2020;224,12;;;;;;;
20/08/2020;231,67;;;;;;;
21/08/2020;222,69;;;;;;;
22/08/2020;222,69;;;;;;;
23/08/2020;222,69;;;;;;;
24/08/2020;216,06;;;;;;;
25/08/2020;212,88;;;;;;;
26/08/2020;222,19;;;;;;;
27/08/2020;220,29;;;;;;;
28/08/2020;211,64;;;;;;;
29/08/2020;211,64;;;;;;;
30/08/2020;211,64;;;;;;;
31/08/2020;212,01;;;;;;;
01/09/2020;200,77;;;;;;;
02/09/2020;193,64;;;;;;;
03/09/2020;199,94;;;;;;;
04/09/2020;204,94;;;;;;;
05/09/2020;204,94;;;;;;;
06/09/2020;204,94;;;;;;;
07/09/2020;204,94;;;;;;;
08/09/2020;210,54;;;;;;;
09/09/2020;205,43;;;;;;;
10/09/2020;198,98;;;;;;;
11/09/2020;200,64;;;;;;;
12/09/2020;200,64;;;;;;;
13/09/2020;200,64;;;;;;;
14/09/2020;198,96;;;;;;;
15/09/2020;196,27;;;;;;;
16/09/2020;195,69;;;;;;;
17/09/2020;197,04;;;;;;;
18/09/2020;201,34;;;;;;;
19/09/2020;201,34;;;;;;;
20/09/2020;201,34;;;;;;;
21/09/2020;227,32;;;;;;;
22/09/2020;232,23;;;;;;;
23/09/2020;242,61;;;;;;;
24/09/2020;251,06;;;;;;;
25/09/2020;248,51;;;;;;;
26/09/2020;248,51;;;;;;;
27/09/2020;248,51;;;;;;;
28/09/2020;247,14;;;;;;;
29/09/2020;251,11;;;;;;;
30/09/2020;246,93;;;;;;;
01/10/2020;243,54;;;;;;;
02/10/2020;243,61;;;;;;;
03/10/2020;243,61;;;;;;;
04/10/2020;243,61;;;;;;;
05/10/2020;231,25;;;;;;;
06/10/2020;228,85;;;;;;;
07/10/2020;224,85;;;;;;;
08/10/2020;221,13;;;;;;;
09/10/2020;213,87;;;;;;;
10/10/2020;213,87;;;;;;;
11/10/2020;213,87;;;;;;;
12/10/2020;213,87;;;;;;;
13/10/2020;216,48;;;;;;;
14/10/2020;220,32;;;;;;;
15/10/2020;221,2;;;;;;;
16/10/2020;217,11;;;;;;;
17/10/2020;217,11;;;;;;;
18/10/2020;217,11;;;;;;;
19/10/2020;217,28;;;;;;;
20/10/2020;215,38;;;;;;;
21/10/2020;212,68;;;;;;;
22/10/2020;214,22;;;;;;;
23/10/2020;209,65;;;;;;;
24/10/2020;209,65;;;;;;;
25/10/2020;209,65;;;;;;;
26/10/2020;212,26;;;;;;;
27/10/2020;210,48;;;;;;;
28/10/2020;218,31;;;;;;;
29/10/2020;216,12;;;;;;;
30/10/2020;215,33;;;;;;;
31/10/2020;215,33;;;;;;;
01/11/2020;215,33;;;;;;;
02/11/2020;215,51;;;;;;;
03/11/2020;209,43;;;;;;;
04/11/2020;203,68;;;;;;;
05/11/2020;191,59;;;;;;;
06/11/2020;186,94;;;;;;;
07/11/2020;186,94;;;;;;;
08/11/2020;186,94;;;;;;;
09/11/2020;164,74;;;;;;;
10/11/2020;165,7;;;;;;;
11/11/2020;165,7;;;;;;;
12/11/2020;177,34;;;;;;;
13/11/2020;179,67;;;;;;;
14/11/2020;179,67;;;;;;;
15/11/2020;179,67;;;;;;;
16/11/2020;175,44;;;;;;;
17/11/2020;176,21;;;;;;;
18/11/2020;173,02;;;;;;;
19/11/2020;173,74;;;;;;;
20/11/2020;172,51;;;;;;;
21/11/2020;172,51;;;;;;;
22/11/2020;172,51;;;;;;;
23/11/2020;171,67;;;;;;;
24/11/2020;167,08;;;;;;;
25/11/2020;166,36;;;;;;;
26/11/2020;166,37;;;;;;;
27/11/2020;163,86;;;;;;;
28/11/2020;163,86;;;;;;;
29/11/2020;163,86;;;;;;;
30/11/2020;165,49;;;;;;;
01/12/2020;155,96;;;;;;;
02/12/2020;155,73;;;;;;;
03/12/2020;152,92;;;;;;;
04/12/2020;151,93;;;;;;;
05/12/2020;151,93;;;;;;;
06/12/2020;151,93;;;;;;;
07/12/2020;154,34;;;;;;;
08/12/2020;154,22;;;;;;;
09/12/2020;154,62;;;;;;;
10/12/2020;153,47;;;;;;;
11/12/2020;153,7;;;;;;;
12/12/2020;153,7;;;;;;;
13/12/2020;153,7;;;;;;;
14/12/2020;150,42;;;;;;;
15/12/2020;149,23;;;;;;;
16/12/2020;148,73;;;;;;;
17/12/2020;146,86;;;;;;;
18/12/2020;148,76;;;;;;;
19/12/2020;148,76;;;;;;;
20/12/2020;148,76;;;;;;;
21/12/2020;150,62;;;;;;;
22/12/2020;149,27;;;;;;;
23/12/2020;146,88;;;;;;;
24/12/2020;144,83;;;;;;;
25/12/2020;144,83;;;;;;;
26/12/2020;144,83;;;;;;;
27/12/2020;144,83;;;;;;;
28/12/2020;144,1;;;;;;;
29/12/2020;142,48;;;;;;;
30/12/2020;142,23;;;;;;;
31/12/2020;141,6;;;;;;;
01/01/2021;141,6;;;;;;;
02/01/2021;141,6;;;;;;;
03/01/2021;141,6;;;;;;;
04/01/2021;140,98;;;;;;;
05/01/2021;146,4;;;;;;;
06/01/2021;146,89;;;;;;;
07/01/2021;151,74;;;;;;;
08/01/2021;155;;;;;;;
09/01/2021;155;;;;;;;
10/01/2021;155;;;;;;;
11/01/2021;160,36;;;;;;;
12/01/2021;161,44;;;;;;;
13/01/2021;157,69;;;;;;;
14/01/2021;159,35;;;;;;;
15/01/2021;167,76;;;;;;;
16/01/2021;167,76;;;;;;;
17/01/2021;167,76;;;;;;;
18/01/2021;167,76;;;;;;;
19/01/2021;168,21;;;;;;;
20/01/2021;165,74;;;;;;;
21/01/2021;168,63;;;;;;;
22/01/2021;171,93;;;;;;;
23/01/2021;171,93;;;;;;;
24/01/2021;171,93;;;;;;;
25/01/2021;176,9;;;;;;;
26/01/2021;175,24;;;;;;;
27/01/2021;176,81;;;;;;;
28/01/2021;170,14;;;;;;;
29/01/2021;171,67;;;;;;;
30/01/2021;171,67;;;;;;;
31/01/2021;171,67;;;;;;;
01/02/2021;166,22;;;;;;;
02/02/2021;156,92;;;;;;;
03/02/2021;152,16;;;;;;;
04/02/2021;149,16;;;;;;;
05/02/2021;147,62;;;;;;;
06/02/2021;147,62;;;;;;;
07/02/2021;147,62;;;;;;;
08/02/2021;149,03;;;;;;;
09/02/2021;155,61;;;;;;;
10/02/2021;154,98;;;;;;;
11/02/2021;152,98;;;;;;;
12/02/2021;152,8;;;;;;;
13/02/2021;152,8;;;;;;;
14/02/2021;152,8;;;;;;;
15/02/2021;153,06;;;;;;;
16/02/2021;155,34;;;;;;;
17/02/2021;157,59;;;;;;;
18/02/2021;158,82;;;;;;;
19/02/2021;162,07;;;;;;;
20/02/2021;162,07;;;;;;;
21/02/2021;162,07;;;;;;;
22/02/2021;180,89;;;;;;;
23/02/2021;175,63;;;;;;;
24/02/2021;170,73;;;;;;;
25/02/2021;185,01;;;;;;;
26/02/2021;193,87;;;;;;;
27/02/2021;193,87;;;;;;;
28/02/2021;193,87;;;;;;;
01/03/2021;183,74;;;;;;;
02/03/2021;192,99;;;;;;;
03/03/2021;191,41;;;;;;;
04/03/2021;193,69;;;;;;;
05/03/2021;194,22;;;;;;;
06/03/2021;194,22;;;;;;;
07/03/2021;194,22;;;;;;;
08/03/2021;212,29;;;;;;;
09/03/2021;211,61;;;;;;;
10/03/2021;208,78;;;;;;;
11/03/2021;195,99;;;;;;;
12/03/2021;198,6;;;;;;;
13/03/2021;198,6;;;;;;;
14/03/2021;198,6;;;;;;;
15/03/2021;200,18;;;;;;;
16/03/2021;198;;;;;;;
17/03/2021;193,84;;;;;;;
18/03/2021;195,06;;;;;;;
19/03/2021;190,08;;;;;;;
20/03/2021;190,08;;;;;;;
21/03/2021;190,08;;;;;;;
22/03/2021;196,62;;;;;;;
23/03/2021;203,1;;;;;;;
24/03/2021;207,98;;;;;;;
25/03/2021;216,54;;;;;;;
26/03/2021;218,24;;;;;;;
27/03/2021;218,24;;;;;;;
28/03/2021;218,24;;;;;;;
29/03/2021;225,06;;;;;;;
30/03/2021;228,15;;;;;;;
31/03/2021;221,5;;;;;;;
01/04/2021;220,8;;;;;;;
02/04/2021;221,19;;;;;;;
03/04/2021;221,19;;;;;;;
04/04/2021;221,19;;;;;;;
05/04/2021;220,96;;;;;;;
06/04/2021;216,3;;;;;;;
07/04/2021;220,98;;;;;;;
08/04/2021;218,14;;;;;;;
09/04/2021;218,7;;;;;;;
10/04/2021;218,7;;;;;;;
11/04/2021;218,7;;;;;;;
12/04/2021;219,16;;;;;;;
13/04/2021;216,86;;;;;;;
14/04/2021;214,27;;;;;;;
15/04/2021;206,47;;;;;;;
16/04/2021;199,09;;;;;;;
17/04/2021;199,09;;;;;;;
18/04/2021;199,09;;;;;;;
19/04/2021;194,66;;;;;;;
20/04/2021;197,13;;;;;;;
21/04/2021;195,56;;;;;;;
22/04/2021;191,54;;;;;;;
23/04/2021;188,63;;;;;;;
24/04/2021;188,63;;;;;;;
25/04/2021;188,63;;;;;;;
26/04/2021;189,79;;;;;;;
27/04/2021;192,97;;;;;;;
28/04/2021;191,51;;;;;;;
29/04/2021;188,89;;;;;;;
30/04/2021;189,56;;;;;;;
01/05/2021;189,56;;;;;;;
02/05/2021;189,56;;;;;;;
03/05/2021;190,78;;;;;;;
04/05/2021;192,77;;;;;;;
05/05/2021;190,11;;;;;;;
06/05/2021;183,39;;;;;;;
07/05/2021;174,98;;;;;;;
08/05/2021;174,98;;;;;;;
09/05/2021;174,98;;;;;;;
10/05/2021;171,28;;;;;;;
11/05/2021;173,38;;;;;;;
12/05/2021;177,79;;;;;;;
13/05/2021;176,66;;;;;;;
14/05/2021;174,44;;;;;;;
15/05/2021;174,44;;;;;;;
16/05/2021;174,44;;;;;;;
17/05/2021;175,88;;;;;;;
18/05/2021;178,01;;;;;;;
19/05/2021;180,21;;;;;;;
20/05/2021;176,42;;;;;;;
21/05/2021;177,11;;;;;;;
22/05/2021;177,11;;;;;;;
23/05/2021;177,11;;;;;;;
24/05/2021;176,49;;;;;;;
25/05/2021;176,09;;;;;;;
26/05/2021;174,43;;;;;;;
27/05/2021;171,6;;;;;;;
28/05/2021;170,79;;;;;;;
29/05/2021;170,79;;;;;;;
30/05/2021;170,79;;;;;;;
31/05/2021;170,81;;;;;;;
01/06/2021;166,96;;;;;;;
02/06/2021;163,22;;;;;;;
03/06/2021;164,37;;;;;;;
04/06/2021;162,23;;;;;;;
05/06/2021;162,23;;;;;;;
06/06/2021;162,23;;;;;;;
07/06/2021;161,74;;;;;;;
08/06/2021;160,86;;;;;;;
09/06/2021;159,33;;;;;;;
10/06/2021;158,91;;;;;;;
11/06/2021;158,89;;;;;;;
12/06/2021;158,89;;;;;;;
13/06/2021;158,89;;;;;;;
14/06/2021;161,35;;;;;;;
15/06/2021;161,91;;;;;;;
16/06/2021;163,38;;;;;;;
17/06/2021;163,41;;;;;;;
18/06/2021;166,21;;;;;;;
19/06/2021;166,21;;;;;;;
20/06/2021;166,21;;;;;;;
21/06/2021;164,83;;;;;;;
22/06/2021;163,97;;;;;;;
23/06/2021;161,74;;;;;;;
24/06/2021;159,04;;;;;;;
25/06/2021;157,19;;;;;;;
26/06/2021;157,19;;;;;;;
27/06/2021;157,19;;;;;;;
28/06/2021;157,82;;;;;;;
29/06/2021;159,59;;;;;;;
30/06/2021;164,47;;;;;;;
01/07/2021;165,52;;;;;;;
02/07/2021;164,28;;;;;;;
03/07/2021;164,28;;;;;;;
04/07/2021;164,28;;;;;;;
05/07/2021;164,31;;;;;;;
06/07/2021;168,01;;;;;;;
07/07/2021;169,65;;;;;;;
08/07/2021;173,65;;;;;;;
09/07/2021;172,65;;;;;;;
10/07/2021;172,65;;;;;;;
11/07/2021;172,65;;;;;;;
12/07/2021;172,62;;;;;;;
13/07/2021;175,9;;;;;;;
14/07/2021;171,63;;;;;;;
15/07/2021;173,37;;;;;;;
16/07/2021;173,17;;;;;;;
17/07/2021;173,17;;;;;;;
18/07/2021;173,17;;;;;;;
19/07/2021;178,21;;;;;;;
20/07/2021;174,67;;;;;;;
21/07/2021;172,49;;;;;;;
22/07/2021;172,53;;;;;;;
23/07/2021;171,54;;;;;;;
24/07/2021;171,54;;;;;;;
25/07/2021;171,54;;;;;;;
26/07/2021;172,42;;;;;;;
27/07/2021;175,18;;;;;;;
28/07/2021;174,65;;;;;;;
29/07/2021;171,45;;;;;;;
30/07/2021;174,64;;;;;;;
31/07/2021;174,64;;;;;;;
01/08/2021;174,64;;;;;;;
02/08/2021;175,79;;;;;;;
03/08/2021;176,77;;;;;;;
04/08/2021;177,58;;;;;;;
05/08/2021;179,82;;;;;;;
06/08/2021;181,23;;;;;;;
07/08/2021;181,23;;;;;;;
08/08/2021;181,23;;;;;;;
09/08/2021;183,07;;;;;;;
10/08/2021;183,69;;;;;;;
11/08/2021;181,89;;;;;;;
12/08/2021;178,02;;;;;;;
13/08/2021;177,42;;;;;;;
14/08/2021;177,42;;;;;;;
15/08/2021;177,42;;;;;;;
16/08/2021;178,34;;;;;;;
17/08/2021;180,91;;;;;;;
18/08/2021;184,05;;;;;;;
19/08/2021;188,2;;;;;;;
20/08/2021;188,03;;;;;;;
21/08/2021;188,03;;;;;;;
22/08/2021;188,03;;;;;;;
23/08/2021;186,29;;;;;;;
24/08/2021;182,76;;;;;;;
25/08/2021;179,95;;;;;;;
26/08/2021;179,74;;;;;;;
27/08/2021;175,64;;;;;;;
28/08/2021;175,64;;;;;;;
29/08/2021;175,64;;;;;;;
30/08/2021;172,98;;;;;;;
31/08/2021;174,68;;;;;;;
01/09/2021;175,31;;;;;;;
02/09/2021;173,9;;;;;;;
03/09/2021;173,6;;;;;;;
04/09/2021;173,6;;;;;;;
05/09/2021;173,6;;;;;;;
06/09/2021;173,6;;;;;;;
07/09/2021;174,87;;;;;;;
08/09/2021;178,45;;;;;;;
09/09/2021;180,46;;;;;;;
10/09/2021;176,39;;;;;;;
11/09/2021;176,39;;;;;;;
12/09/2021;176,39;;;;;;;
13/09/2021;177,01;;;;;;;
14/09/2021;177,47;;;;;;;
15/09/2021;176,88;;;;;;;
16/09/2021;177,52;;;;;;;
17/09/2021;178,41;;;;;;;
18/09/2021;178,41;;;;;;;
19/09/2021;178,41;;;;;;;
20/09/2021;196,7;;;;;;;
21/09/2021;194,64;;;;;;;
22/09/2021;193,08;;;;;;;
23/09/2021;192,07;;;;;;;
24/09/2021;197,22;;;;;;;
25/09/2021;197,22;;;;;;;
26/09/2021;197,22;;;;;;;
27/09/2021;199,7;;;;;;;
28/09/2021;204,67;;;;;;;
29/09/2021;203,1;;;;;;;
30/09/2021;203;;;;;;;
01/10/2021;201,16;;;;;;;
02/10/2021;201,16;;;;;;;
03/10/2021;201,16;;;;;;;
04/10/2021;205,54;;;;;;;
05/10/2021;204,71;;;;;;;
06/10/2021;205,82;;;;;;;
07/10/2021;202;;;;;;;
08/10/2021;203,26;;;;;;;
09/10/2021;203,26;;;;;;;
10/10/2021;203,26;;;;;;;
11/10/2021;203,27;;;;;;;
12/10/2021;208,23;;;;;;;
13/10/2021;207,7;;;;;;;
14/10/2021;201,53;;;;;;;
15/10/2021;200,05;;;;;;;
16/10/2021;200,05;;;;;;;
17/10/2021;200,05;;;;;;;
18/10/2021;202,32;;;;;;;
19/10/2021;207,86;;;;;;;
20/10/2021;210,71;;;;;;;
21/10/2021;223,73;;;;;;;
22/10/2021;235,9;;;;;;;
23/10/2021;235,9;;;;;;;
24/10/2021;235,9;;;;;;;
25/10/2021;224,29;;;;;;;
26/10/2021;224,06;;;;;;;
27/10/2021;226,61;;;;;;;
28/10/2021;231,88;;;;;;;
29/10/2021;244,17;;;;;;;
30/10/2021;244,17;;;;;;;
31/10/2021;244,17;;;;;;;
01/11/2021;248,54;;;;;;;
02/11/2021;250,17;;;;;;;
03/11/2021;247,93;;;;;;;
04/11/2021;237,68;;;;;;;
05/11/2021;233,18;;;;;;;
06/11/2021;233,18;;;;;;;
07/11/2021;233,18;;;;;;;
08/11/2021;232,54;;;;;;;
09/11/2021;231,1;;;;;;;
10/11/2021;234,08;;;;;;;
11/11/2021;233,95;;;;;;;
12/11/2021;232,39;;;;;;;
13/11/2021;232,39;;;;;;;
14/11/2021;232,39;;;;;;;
15/11/2021;233,22;;;;;;;
16/11/2021;234,88;;;;;;;
17/11/2021;236,21;;;;;;;
18/11/2021;234,93;;;;;;;
19/11/2021;234,7;;;;;;;
20/11/2021;234,7;;;;;;;
21/11/2021;234,7;;;;;;;
22/11/2021;238,56;;;;;;;
23/11/2021;243,37;;;;;;;
24/11/2021;245,42;;;;;;;
25/11/2021;245,43;;;;;;;
26/11/2021;263,45;;;;;;;
27/11/2021;263,45;;;;;;;
28/11/2021;263,45;;;;;;;
29/11/2021;253,52;;;;;;;
30/11/2021;254,26;;;;;;;
01/12/2021;245,26;;;;;;;
02/12/2021;235,08;;;;;;;
03/12/2021;234,14;;;;;;;
04/12/2021;234,14;;;;;;;
05/12/2021;234,14;;;;;;;
06/12/2021;229,76;;;;;;;
07/12/2021;217,88;;;;;;;
08/12/2021;212,52;;;;;;;
09/12/2021;218,58;;;;;;;
10/12/2021;218,19;;;;;;;
11/12/2021;218,19;;;;;;;
12/12/2021;218,19;;;;;;;
13/12/2021;219,38;;;;;;;
14/12/2021;220,79;;;;;;;
15/12/2021;218,92;;;;;;;
16/12/2021;218,52;;;;;;;
17/12/2021;221,2;;;;;;;
18/12/2021;221,2;;;;;;;
19/12/2021;221,2;;;;;;;
20/12/2021;223,04;;;;;;;
21/12/2021;217,97;;;;;;;
22/12/2021;215,4;;;;;;;
23/12/2021;209,06;;;;;;;
24/12/2021;208,73;;;;;;;
25/12/2021;208,73;;;;;;;
26/12/2021;208,73;;;;;;;
27/12/2021;205,91;;;;;;;
28/12/2021;205,15;;;;;;;
29/12/2021;204,28;;;;;;;
30/12/2021;203,99;;;;;;;
31/12/2021;201,86;;;;;;;
01/01/2022;201,86;;;;;;;
02/01/2022;201,86;;;;;;;
03/01/2022;201,5;;;;;;;
04/01/2022;199,75;;;;;;;
05/01/2022;202,46;;;;;;;
06/01/2022;209,47;;;;;;;
07/01/2022;209,45;;;;;;;
08/01/2022;209,45;;;;;;;
09/01/2022;209,45;;;;;;;
10/01/2022;210,34;;;;;;;
11/01/2022;211,35;;;;;;;
12/01/2022;208,27;;;;;;;
13/01/2022;208,31;;;;;;;
14/01/2022;217;;;;;;;
15/01/2022;217;;;;;;;
16/01/2022;217;;;;;;;
17/01/2022;220,24;;;;;;;
18/01/2022;220,25;;;;;;;
19/01/2022;224,21;;;;;;;
20/01/2022;220,24;;;;;;;
21/01/2022;224,21;;;;;;;
22/01/2022;224,21;;;;;;;
23/01/2022;224,21;;;;;;;
24/01/2022;217,96;;;;;;;
25/01/2022;220,93;;;;;;;
26/01/2022;222,06;;;;;;;
27/01/2022;223,35;;;;;;;
28/01/2022;226,01;;;;;;;
29/01/2022;226,01;;;;;;;
30/01/2022;226,01;;;;;;;
31/01/2022;226,81;;;;;;;
01/02/2022;224;;;;;;;
02/02/2022;215,2;;;;;;;
03/02/2022;212,23;;;;;;;
04/02/2022;217,37;;;;;;;
05/02/2022;217,37;;;;;;;
06/02/2022;217,37;;;;;;;
07/02/2022;220,48;;;;;;;
08/02/2022;220,11;;;;;;;
09/02/2022;219,27;;;;;;;
10/02/2022;214,3;;;;;;;
11/02/2022;221,61;;;;;;;
12/02/2022;221,61;;;;;;;
13/02/2022;221,61;;;;;;;
14/02/2022;228,49;;;;;;;
15/02/2022;227,19;;;;;;;
16/02/2022;222,06;;;;;;;
17/02/2022;217,99;;;;;;;
18/02/2022;221,91;;;;;;;
19/02/2022;221,91;;;;;;;
20/02/2022;221,91;;;;;;;
21/02/2022;224,87;;;;;;;
22/02/2022;224,92;;;;;;;
23/02/2022;224,19;;;;;;;
24/02/2022;228,09;;;;;;;
25/02/2022;223,94;;;;;;;
26/02/2022;223,94;;;;;;;
27/02/2022;223,94;;;;;;;
28/02/2022;218,17;;;;;;;
01/03/2022;220,63;;;;;;;
02/03/2022;224,39;;;;;;;
03/03/2022;221,58;;;;;;;
04/03/2022;218,08;;;;;;;
05/03/2022;218,08;;;;;;;
06/03/2022;218,08;;;;;;;
07/03/2022;224,74;;;;;;;
08/03/2022;230,89;;;;;;;
09/03/2022;225,06;;;;;;;
10/03/2022;216,28;;;;;;;
11/03/2022;216,24;;;;;;;
12/03/2022;216,24;;;;;;;
13/03/2022;216,24;;;;;;;
14/03/2022;223,05;;;;;;;
15/03/2022;222,37;;;;;;;
16/03/2022;218,46;;;;;;;
17/03/2022;206,59;;;;;;;
18/03/2022;201,49;;;;;;;
19/03/2022;201,49;;;;;;;
20/03/2022;201,49;;;;;;;
21/03/2022;201,5;;;;;;;
22/03/2022;218,07;;;;;;;
23/03/2022;214,81;;;;;;;
24/03/2022;218,31;;;;;;;
25/03/2022;213,89;;;;;;;
26/03/2022;213,89;;;;;;;
27/03/2022;213,89;;;;;;;
28/03/2022;211,25;;;;;;;
29/03/2022;207,96;;;;;;;
30/03/2022;201,03;;;;;;;
31/03/2022;203,83;;;;;;;
01/04/2022;205,95;;;;;;;
02/04/2022;205,95;;;;;;;
03/04/2022;205,95;;;;;;;
04/04/2022;204,3;;;;;;;
05/04/2022;200,76;;;;;;;
06/04/2022;204,13;;;;;;;
07/04/2022;206,65;;;;;;;
08/04/2022;209,63;;;;;;;
09/04/2022;209,63;;;;;;;
10/04/2022;209,63;;;;;;;
11/04/2022;212,81;;;;;;;
12/04/2022;218,48;;;;;;;
13/04/2022;217,17;;;;;;;
14/04/2022;214,47;;;;;;;
15/04/2022;216,74;;;;;;;
16/04/2022;216,74;;;;;;;
17/04/2022;216,74;;;;;;;
18/04/2022;216,49;;;;;;;
19/04/2022;217,11;;;;;;;
20/04/2022;212,01;;;;;;;
21/04/2022;208,6;;;;;;;
22/04/2022;213,86;;;;;;;
23/04/2022;213,86;;;;;;;
24/04/2022;213,86;;;;;;;
25/04/2022;220,38;;;;;;;
26/04/2022;219,19;;;;;;;
27/04/2022;225,88;;;;;;;
28/04/2022;222,62;;;;;;;
29/04/2022;219,08;;;;;;;
30/04/2022;219,08;;;;;;;
01/05/2022;219,08;;;;;;;
02/05/2022;229,56;;;;;;;
03/05/2022;232,24;;;;;;;
04/05/2022;228,25;;;;;;;
05/05/2022;221,04;;;;;;;
06/05/2022;221,04;;;;;;;
07/05/2022;221,04;;;;;;;
08/05/2022;221,04;;;;;;;
09/05/2022;234,2;;;;;;;
10/05/2022;244,26;;;;;;;
11/05/2022;241,79;;;;;;;
12/05/2022;241,79;;;;;;;
13/05/2022;242,39;;;;;;;
14/05/2022;242,39;;;;;;;
15/05/2022;242,39;;;;;;;
16/05/2022;238,05;;;;;;;
17/05/2022;239,68;;;;;;;
18/05/2022;236,45;;;;;;;
19/05/2022;244,6;;;;;;;
20/05/2022;245,55;;;;;;;
21/05/2022;245,55;;;;;;;
22/05/2022;245,55;;;;;;;
23/05/2022;246,59;;;;;;;
24/05/2022;239,12;;;;;;;
25/05/2022;238,49;;;;;;;
26/05/2022;227,08;;;;;;;
27/05/2022;222,22;;;;;;;
28/05/2022;222,22;;;;;;;
29/05/2022;222,22;;;;;;;
30/05/2022;220,28;;;;;;;
31/05/2022;220,51;;;;;;;
01/06/2022;222,37;;;;;;;
02/06/2022;222,55;;;;;;;
03/06/2022;225,17;;;;;;;
04/06/2022;225,17;;;;;;;
05/06/2022;225,17;;;;;;;
06/06/2022;229,19;;;;;;;
07/06/2022;235,24;;;;;;;
08/06/2022;236,76;;;;;;;
09/06/2022;241,88;;;;;;;
10/06/2022;248,73;;;;;;;
11/06/2022;248,73;;;;;;;
12/06/2022;248,73;;;;;;;
13/06/2022;255,26;;;;;;;
14/06/2022;270,18;;;;;;;
15/06/2022;274,22;;;;;;;
16/06/2022;261,29;;;;;;;
17/06/2022;260,89;;;;;;;
18/06/2022;260,89;;;;;;;
19/06/2022;260,89;;;;;;;
20/06/2022;261,19;;;;;;;
21/06/2022;261,49;;;;;;;
22/06/2022;276,63;;;;;;;
23/06/2022;284,79;;;;;;;
24/06/2022;289,06;;;;;;;
25/06/2022;289,06;;;;;;;
26/06/2022;289,06;;;;;;;
27/06/2022;281,74;;;;;;;
28/06/2022;281,34;;;;;;;
29/06/2022;297,22;;;;;;;
30/06/2022;292,02;;;;;;;
01/07/2022;290,81;;;;;;;
02/07/2022;290,81;;;;;;;
03/07/2022;290,81;;;;;;;
04/07/2022;290,31;;;;;;;
05/07/2022;288,31;;;;;;;
06/07/2022;297,88;;;;;;;
07/07/2022;300,9;;;;;;;
08/07/2022;286,79;;;;;;;
09/07/2022;286,79;;;;;;;
10/07/2022;286,79;;;;;;;
11/07/2022;286,91;;;;;;;
12/07/2022;295,93;;;;;;;
13/07/2022;306,75;;;;;;;
14/07/2022;314,97;;;;;;;
15/07/2022;324,6;;;;;;;
16/07/2022;324,6;;;;;;;
17/07/2022;324,6;;;;;;;
18/07/2022;320,31;;;;;;;
19/07/2022;322,72;;;;;;;
20/07/2022;309,25;;;;;;;
21/07/2022;295,23;;;;;;;
22/07/2022;291,4;;;;;;;
23/07/2022;291,4;;;;;;;
24/07/2022;291,4;;;;;;;
25/07/2022;293,48;;;;;;;
26/07/2022;287,54;;;;;;;
27/07/2022;295,32;;;;;;;
28/07/2022;280,26;;;;;;;
29/07/2022;275,16;;;;;;;
30/07/2022;275,16;;;;;;;
31/07/2022;275,16;;;;;;;
01/08/2022;269,87;;;;;;;
02/08/2022;271,78;;;;;;;
03/08/2022;281,51;;;;;;;
04/08/2022;273,8;;;;;;;
05/08/2022;268,77;;;;;;;
06/08/2022;268,77;;;;;;;
07/08/2022;268,77;;;;;;;
08/08/2022;270,81;;;;;;;
09/08/2022;259,02;;;;;;;
10/08/2022;264,33;;;;;;;
11/08/2022;247,48;;;;;;;
12/08/2022;248,75;;;;;;;
13/08/2022;248,75;;;;;;;
14/08/2022;248,75;;;;;;;
15/08/2022;238,83;;;;;;;
16/08/2022;241,6;;;;;;;
17/08/2022;245,87;;;;;;;
18/08/2022;250,93;;;;;;;
19/08/2022;251,43;;;;;;;
20/08/2022;251,43;;;;;;;
21/08/2022;251,43;;;;;;;
22/08/2022;261,56;;;;;;;
23/08/2022;271,52;;;;;;;
24/08/2022;256,45;;;;;;;
25/08/2022;251,73;;;;;;;
26/08/2022;249,48;;;;;;;
27/08/2022;249,48;;;;;;;
28/08/2022;249,48;;;;;;;
29/08/2022;256,57;;;;;;;
30/08/2022;257,67;;;;;;;
31/08/2022;257,55;;;;;;;
01/09/2022;259,54;;;;;;;
02/09/2022;256,67;;;;;;;
03/09/2022;256,67;;;;;;;
04/09/2022;256,67;;;;;;;
05/09/2022;256,67;;;;;;;
06/09/2022;257,07;;;;;;;
07/09/2022;257,67;;;;;;;
08/09/2022;256,67;;;;;;;
09/09/2022;257,07;;;;;;;
10/09/2022;257,07;;;;;;;
11/09/2022;257,07;;;;;;;
12/09/2022;232,27;;;;;;;
13/09/2022;256,67;;;;;;;
14/09/2022;232,27;;;;;;;
15/09/2022;240,17;;;;;;;
16/09/2022;242,17;;;;;;;
17/09/2022;242,17;;;;;;;
18/09/2022;242,17;;;;;;;
19/09/2022;242,17;;;;;;;
20/09/2022;236,32;;;;;;;
21/09/2022;261,07;;;;;;;
22/09/2022;261,06;;;;;;;
23/09/2022;264,31;;;;;;;
24/09/2022;264,31;;;;;;;
25/09/2022;264,31;;;;;;;
26/09/2022;278,57;;;;;;;
27/09/2022;295,38;;;;;;;
28/09/2022;308,84;;;;;;;
29/09/2022;292,49;;;;;;;
30/09/2022;306,56;;;;;;;
01/10/2022;306,56;;;;;;;
02/10/2022;306,56;;;;;;;
03/10/2022;307,49;;;;;;;
04/10/2022;282,23;;;;;;;
05/10/2022;277,75;;;;;;;
06/10/2022;284,26;;;;;;;
07/10/2022;285,27;;;;;;;
08/10/2022;285,27;;;;;;;
09/10/2022;285,27;;;;;;;
10/10/2022;294,93;;;;;;;
11/10/2022;294,85;;;;;;;
12/10/2022;294,61;;;;;;;
13/10/2022;297,25;;;;;;;
14/10/2022;300,1;;;;;;;
15/10/2022;300,1;;;;;;;
16/10/2022;300,1;;;;;;;
17/10/2022;307,39;;;;;;;
18/10/2022;301,14;;;;;;;
19/10/2022;292,49;;;;;;;
20/10/2022;295,23;;;;;;;
21/10/2022;292,16;;;;;;;
22/10/2022;292,16;;;;;;;
23/10/2022;292,16;;;;;;;
24/10/2022;284,24;;;;;;;
25/10/2022;280,08;;;;;;;
26/10/2022;276,77;;;;;;;
27/10/2022;280,77;;;;;;;
28/10/2022;279,51;;;;;;;
29/10/2022;279,51;;;;;;;
30/10/2022;279,51;;;;;;;
31/10/2022;272,8;;;;;;;
01/11/2022;272,61;;;;;;;
02/11/2022;273,21;;;;;;;
03/11/2022;268,75;;;;;;;
04/11/2022;266,91;;;;;;;
05/11/2022;266,91;;;;;;;
06/11/2022;266,91;;;;;;;
07/11/2022;256,62;;;;;;;
08/11/2022;256,62;;;;;;;
09/11/2022;256,9;;;;;;;
10/11/2022;262,37;;;;;;;
11/11/2022;264,41;;;;;;;
12/11/2022;264,41;;;;;;;
13/11/2022;264,41;;;;;;;
14/11/2022;265,69;;;;;;;
15/11/2022;254,05;;;;;;;
16/11/2022;254,3;;;;;;;
17/11/2022;260,68;;;;;;;
18/11/2022;263,19;;;;;;;
19/11/2022;263,19;;;;;;;
20/11/2022;263,19;;;;;;;
21/11/2022;268;;;;;;;
22/11/2022;260,95;;;;;;;
23/11/2022;261,15;;;;;;;
24/11/2022;256,81;;;;;;;
25/11/2022;256,78;;;;;;;
26/11/2022;256,78;;;;;;;
27/11/2022;256,78;;;;;;;
28/11/2022;256,92;;;;;;;
29/11/2022;261,73;;;;;;;
30/11/2022;253,23;;;;;;;
01/12/2022;252,93;;;;;;;
02/12/2022;237,18;;;;;;;
03/12/2022;237,18;;;;;;;
04/12/2022;237,18;;;;;;;
05/12/2022;231,74;;;;;;;
06/12/2022;243;;;;;;;
07/12/2022;245,26;;;;;;;
08/12/2022;242,18;;;;;;;
09/12/2022;239,82;;;;;;;
10/12/2022;239,82;;;;;;;
11/12/2022;239,82;;;;;;;
12/12/2022;236,8;;;;;;;
13/12/2022;244,56;;;;;;;
14/12/2022;241,03;;;;;;;
15/12/2022;243,3;;;;;;;
16/12/2022;248,4;;;;;;;
17/12/2022;248,4;;;;;;;
18/12/2022;248,4;;;;;;;
19/12/2022;254,14;;;;;;;
20/12/2022;258,38;;;;;;;
21/12/2022;257,33;;;;;;;
22/12/2022;250,23;;;;;;;
23/12/2022;251,41;;;;;;;
24/12/2022;251,41;;;;;;;
25/12/2022;251,41;;;;;;;
26/12/2022;252,43;;;;;;;
27/12/2022;252,2;;;;;;;
28/12/2022;251,49;;;;;;;
29/12/2022;251,35;;;;;;;
30/12/2022;250,26;;;;;;;
31/12/2022;250,26;;;;;;;
01/01/2023;250,26;;;;;;;
02/01/2023;250,46;;;;;;;
03/01/2023;250,25;;;;;;;
04/01/2023;253,9;;;;;;;
05/01/2023;254,98;;;;;;;
06/01/2023;258,45;;;;;;;
07/01/2023;258,45;;;;;;;
08/01/2023;258,45;;;;;;;
09/01/2023;244,78;;;;;;;
10/01/2023;247,31;;;;;;;
11/01/2023;247,6;;;;;;;
12/01/2023;243,39;;;;;;;
13/01/2023;240,32;;;;;;;
14/01/2023;240,32;;;;;;;
15/01/2023;240,32;;;;;;;
16/01/2023;238,89;;;;;;;
17/01/2023;238,71;;;;;;;
18/01/2023;238,65;;;;;;;
19/01/2023;235,4;;;;;;;
20/01/2023;242,75;;;;;;;
21/01/2023;242,75;;;;;;;
22/01/2023;242,75;;;;;;;
23/01/2023;242,84;;;;;;;
24/01/2023;240,87;;;;;;;
25/01/2023;236,65;;;;;;;
26/01/2023;238,66;;;;;;;
27/01/2023;234,07;;;;;;;
28/01/2023;234,07;;;;;;;
29/01/2023;234,07;;;;;;;
30/01/2023;228,08;;;;;;;
31/01/2023;232,09;;;;;;;
01/02/2023;226,89;;;;;;;
02/02/2023;220,06;;;;;;;
03/02/2023;214,48;;;;;;;
04/02/2023;214,48;;;;;;;
05/02/2023;214,48;;;;;;;
06/02/2023;220,84;;;;;;;
07/02/2023;227,67;;;;;;;
08/02/2023;223,3;;;;;;;
09/02/2023;228,06;;;;;;;
10/02/2023;231,26;;;;;;;
11/02/2023;231,26;;;;;;;
12/02/2023;231,26;;;;;;;
13/02/2023;232,21;;;;;;;
14/02/2023;227,2;;;;;;;
15/02/2023;222,68;;;;;;;
16/02/2023;219,44;;;;;;;
17/02/2023;222,38;;;;;;;
18/02/2023;222,38;;;;;;;
19/02/2023;222,38;;;;;;;
20/02/2023;228,1;;;;;;;
21/02/2023;228,14;;;;;;;
22/02/2023;237,45;;;;;;;
23/02/2023;235,1;;;;;;;
24/02/2023;229,15;;;;;;;
25/02/2023;229,15;;;;;;;
26/02/2023;229,15;;;;;;;
27/02/2023;232,54;;;;;;;
28/02/2023;229,17;;;;;;;
01/03/2023;229,3;;;;;;;
02/03/2023;225,61;;;;;;;
03/03/2023;223,49;;;;;;;
04/03/2023;223,49;;;;;;;
05/03/2023;223,49;;;;;;;
06/03/2023;214,46;;;;;;;
07/03/2023;207,82;;;;;;;
08/03/2023;214,88;;;;;;;
09/03/2023;215,71;;;;;;;
10/03/2023;219,13;;;;;;;
11/03/2023;219,13;;;;;;;
12/03/2023;219,13;;;;;;;
13/03/2023;224,5;;;;;;;
14/03/2023;224,53;;;;;;;
15/03/2023;234,38;;;;;;;
16/03/2023;243,07;;;;;;;
17/03/2023;238,77;;;;;;;
18/03/2023;238,77;;;;;;;
19/03/2023;238,77;;;;;;;
20/03/2023;279,65;;;;;;;
21/03/2023;259,1;;;;;;;
22/03/2023;246,76;;;;;;;
23/03/2023;243,19;;;;;;;
24/03/2023;247,38;;;;;;;
25/03/2023;247,38;;;;;;;
26/03/2023;247,38;;;;;;;
27/03/2023;244,86;;;;;;;
28/03/2023;237,91;;;;;;;
29/03/2023;237,4;;;;;;;
30/03/2023;233,46;;;;;;;
31/03/2023;228,5;;;;;;;
01/04/2023;228,5;;;;;;;
02/04/2023;228,5;;;;;;;
03/04/2023;221,56;;;;;;;
04/04/2023;220,62;;;;;;;
05/04/2023;223,26;;;;;;;
06/04/2023;227,45;;;;;;;
07/04/2023;230,56;;;;;;;
08/04/2023;230,56;;;;;;;
09/04/2023;230,56;;;;;;;
10/04/2023;230,97;;;;;;;
11/04/2023;230,65;;;;;;;
12/04/2023;224,8;;;;;;;
13/04/2023;224,82;;;;;;;
14/04/2023;215,06;;;;;;;
15/04/2023;215,06;;;;;;;
16/04/2023;215,06;;;;;;;
17/04/2023;214,35;;;;;;;
18/04/2023;214,32;;;;;;;
19/04/2023;216,94;;;;;;;
20/04/2023;221,97;;;;;;;
21/04/2023;226,31;;;;;;;
22/04/2023;226,31;;;;;;;
23/04/2023;226,31;;;;;;;
24/04/2023;226,72;;;;;;;
25/04/2023;225,45;;;;;;;
26/04/2023;226,93;;;;;;;
27/04/2023;227,76;;;;;;;
28/04/2023;224,79;;;;;;;
29/04/2023;224,79;;;;;;;
30/04/2023;224,79;;;;;;;
01/05/2023;216,74;;;;;;;
02/05/2023;213,38;;;;;;;
03/05/2023;217,34;;;;;;;
04/05/2023;219,48;;;;;;;
05/05/2023;225,55;;;;;;;
06/05/2023;225,55;;;;;;;
07/05/2023;225,55;;;;;;;
08/05/2023;221,17;;;;;;;
09/05/2023;222,01;;;;;;;
10/05/2023;225,47;;;;;;;
11/05/2023;222,06;;;;;;;
12/05/2023;222,02;;;;;;;
13/05/2023;222,02;;;;;;;
14/05/2023;222,02;;;;;;;
15/05/2023;221,99;;;;;;;
16/05/2023;221,95;;;;;;;
17/05/2023;221,91;;;;;;;
18/05/2023;237,45;;;;;;;
19/05/2023;218,45;;;;;;;
20/05/2023;218,45;;;;;;;
21/05/2023;218,45;;;;;;;
22/05/2023;215,15;;;;;;;
23/05/2023;214,13;;;;;;;
24/05/2023;213,02;;;;;;;
25/05/2023;213,13;;;;;;;
26/05/2023;211,42;;;;;;;
27/05/2023;211,42;;;;;;;
28/05/2023;211,42;;;;;;;
29/05/2023;207,39;;;;;;;
30/05/2023;207,24;;;;;;;
31/05/2023;206,96;;;;;;;
01/06/2023;209,05;;;;;;;
02/06/2023;205,18;;;;;;;
03/06/2023;205,18;;;;;;;
04/06/2023;205,18;;;;;;;
05/06/2023;201,82;;;;;;;
06/06/2023;199,4;;;;;;;
07/06/2023;196,58;;;;;;;
08/06/2023;195,73;;;;;;;
09/06/2023;194,54;;;;;;;
10/06/2023;194,54;;;;;;;
11/06/2023;194,54;;;;;;;
12/06/2023;192,9;;;;;;;
13/06/2023;190,71;;;;;;;
14/06/2023;188,12;;;;;;;
15/06/2023;186,99;;;;;;;
16/06/2023;182,84;;;;;;;
17/06/2023;182,84;;;;;;;
18/06/2023;182,84;;;;;;;
19/06/2023;182,19;;;;;;;
20/06/2023;182,12;;;;;;;
21/06/2023;180,03;;;;;;;
22/06/2023;177,19;;;;;;;
23/06/2023;174,41;;;;;;;
24/06/2023;174,41;;;;;;;
25/06/2023;174,41;;;;;;;
26/06/2023;176,63;;;;;;;
27/06/2023;178,12;;;;;;;
28/06/2023;177,36;;;;;;;
29/06/2023;178,09;;;;;;;
30/06/2023;179,92;;;;;;;
01/07/2023;179,92;;;;;;;
02/07/2023;179,92;;;;;;;
03/07/2023;173,35;;;;;;;
04/07/2023;174,39;;;;;;;
05/07/2023;174,22;;;;;;;
06/07/2023;176,78;;;;;;;
07/07/2023;181,3;;;;;;;
08/07/2023;181,3;;;;;;;
09/07/2023;181,3;;;;;;;
10/07/2023;180,11;;;;;;;
11/07/2023;180,95;;;;;;;
12/07/2023;181,14;;;;;;;
13/07/2023;175,97;;;;;;;
14/07/2023;172,11;;;;;;;
15/07/2023;172,11;;;;;;;
16/07/2023;172,11;;;;;;;
17/07/2023;177,48;;;;;;;
18/07/2023;176,25;;;;;;;
19/07/2023;175,32;;;;;;;
20/07/2023;173,34;;;;;;;
21/07/2023;175,5;;;;;;;
22/07/2023;175,5;;;;;;;
23/07/2023;175,5;;;;;;;
24/07/2023;172,41;;;;;;;
25/07/2023;170,53;;;;;;;
26/07/2023;169,51;;;;;;;
27/07/2023;164,56;;;;;;;
28/07/2023;162,85;;;;;;;
29/07/2023;162,85;;;;;;;
30/07/2023;162,85;;;;;;;
31/07/2023;162,65;;;;;;;
01/08/2023;163,69;;;;;;;
02/08/2023;165,75;;;;;;;
03/08/2023;172,48;;;;;;;
04/08/2023;174,57;;;;;;;
05/08/2023;174,57;;;;;;;
06/08/2023;174,57;;;;;;;
07/08/2023;172,32;;;;;;;
08/08/2023;171,54;;;;;;;
09/08/2023;172,46;;;;;;;
10/08/2023;173,55;;;;;;;
11/08/2023;170,64;;;;;;;
12/08/2023;170,64;;;;;;;
13/08/2023;170,64;;;;;;;
14/08/2023;170,72;;;;;;;
15/08/2023;175,61;;;;;;;
16/08/2023;180,46;;;;;;;
17/08/2023;180,51;;;;;;;
18/08/2023;186,29;;;;;;;
19/08/2023;186,29;;;;;;;
20/08/2023;186,29;;;;;;;
21/08/2023;188,24;;;;;;;
22/08/2023;188,45;;;;;;;
23/08/2023;185,42;;;;;;;
24/08/2023;176,37;;;;;;;
25/08/2023;178,6;;;;;;;
26/08/2023;178,6;;;;;;;
27/08/2023;178,6;;;;;;;
28/08/2023;173,67;;;;;;;
29/08/2023;166,69;;;;;;;
30/08/2023;163,62;;;;;;;
31/08/2023;162,81;;;;;;;
01/09/2023;167,67;;;;;;;
02/09/2023;167,67;;;;;;;
03/09/2023;167,67;;;;;;;
04/09/2023;164,81;;;;;;;
05/09/2023;164,81;;;;;;;
06/09/2023;167,85;;;;;;;
07/09/2023;171,77;;;;;;;
08/09/2023;170,57;;;;;;;
09/09/2023;170,57;;;;;;;
10/09/2023;170,57;;;;;;;
11/09/2023;168,75;;;;;;;
12/09/2023;169,7;;;;;;;
13/09/2023;171,71;;;;;;;
14/09/2023;168,68;;;;;;;
15/09/2023;165,82;;;;;;;
16/09/2023;165,82;;;;;;;
17/09/2023;165,82;;;;;;;
18/09/2023;165,82;;;;;;;
19/09/2023;163,82;;;;;;;
20/09/2023;179,98;;;;;;;
21/09/2023;180,37;;;;;;;
22/09/2023;183,28;;;;;;;
23/09/2023;183,28;;;;;;;
24/09/2023;183,28;;;;;;;
25/09/2023;180,2;;;;;;;
26/09/2023;182,3;;;;;;;
27/09/2023;185,15;;;;;;;
28/09/2023;189,21;;;;;;;
29/09/2023;185;;;;;;;
30/09/2023;185;;;;;;;
01/10/2023;185;;;;;;;
02/10/2023;186,07;;;;;;;
03/10/2023;190,24;;;;;;;
04/10/2023;199,88;;;;;;;
05/10/2023;194,64;;;;;;;
06/10/2023;193,77;;;;;;;
07/10/2023;193,77;;;;;;;
08/10/2023;193,77;;;;;;;
09/10/2023;190,1;;;;;;;
10/10/2023;189,64;;;;;;;
11/10/2023;180,92;;;;;;;
12/10/2023;178,27;;;;;;;
13/10/2023;180,41;;;;;;;
14/10/2023;180,41;;;;;;;
15/10/2023;180,41;;;;;;;
16/10/2023;183,11;;;;;;;
17/10/2023;179,36;;;;;;;
18/10/2023;181,48;;;;;;;
19/10/2023;185,23;;;;;;;
20/10/2023;189,03;;;;;;;
21/10/2023;189,03;;;;;;;
22/10/2023;189,03;;;;;;;
23/10/2023;190,82;;;;;;;
24/10/2023;188,01;;;;;;;
25/10/2023;184,22;;;;;;;
26/10/2023;186,28;;;;;;;
27/10/2023;185,93;;;;;;;
28/10/2023;185,93;;;;;;;
29/10/2023;185,93;;;;;;;
30/10/2023;186,08;;;;;;;
31/10/2023;183,28;;;;;;;
01/11/2023;182,29;;;;;;;
02/11/2023;174,18;;;;;;;
03/11/2023;165,65;;;;;;;
04/11/2023;165,65;;;;;;;
05/11/2023;165,65;;;;;;;
06/11/2023;160,56;;;;;;;
07/11/2023;166,8;;;;;;;
08/11/2023;165,64;;;;;;;
09/11/2023;163,75;;;;;;;
10/11/2023;166,87;;;;;;;
11/11/2023;166,87;;;;;;;
12/11/2023;166,87;;;;;;;
13/11/2023;163,76;;;;;;;
14/11/2023;165,71;;;;;;;
15/11/2023;158,54;;;;;;;
16/11/2023;157,05;;;;;;;
17/11/2023;154,82;;;;;;;
18/11/2023;154,82;;;;;;;
19/11/2023;154,82;;;;;;;
20/11/2023;152,04;;;;;;;
21/11/2023;147,12;;;;;;;
22/11/2023;146,12;;;;;;;
23/11/2023;147,18;;;;;;;
24/11/2023;147,19;;;;;;;
25/11/2023;147,19;;;;;;;
26/11/2023;147,19;;;;;;;
27/11/2023;147,21;;;;;;;
28/11/2023;146,11;;;;;;;
29/11/2023;145,08;;;;;;;
30/11/2023;142,17;;;;;;;
01/12/2023;146,24;;;;;;;
02/12/2023;146,24;;;;;;;
03/12/2023;146,24;;;;;;;
04/12/2023;153,55;;;;;;;
05/12/2023;142,32;;;;;;;
06/12/2023;146,12;;;;;;;
07/12/2023;149,13;;;;;;;
08/12/2023;148,14;;;;;;;
09/12/2023;148,14;;;;;;;
10/12/2023;148,14;;;;;;;
11/12/2023;147,31;;;;;;;
12/12/2023;145,21;;;;;;;
13/12/2023;145,2;;;;;;;
14/12/2023;140,06;;;;;;;
15/12/2023;136,32;;;;;;;
16/12/2023;136,32;;;;;;;
17/12/2023;136,32;;;;;;;
18/12/2023;137,41;;;;;;;
19/12/2023;136,4;;;;;;;
20/12/2023;135,39;;;;;;;
21/12/2023;135,35;;;;;;;
22/12/2023;134,41;;;;;;;
23/12/2023;134,41;;;;;;;
24/12/2023;134,41;;;;;;;
25/12/2023;132,45;;;;;;;
26/12/2023;132,45;;;;;;;
27/12/2023;132,46;;;;;;;
28/12/2023;132,4;;;;;;;
29/12/2023;132,49;;;;;;;
30/12/2023;132,49;;;;;;;
31/12/2023;132,49;;;;;;;
01/01/2024;131,47;;;;;;;
02/01/2024;131,47;;;;;;;
03/01/2024;139,43;;;;;;;
04/01/2024;143,28;;;;;;;
05/01/2024;142,37;;;;;;;
06/01/2024;142,37;;;;;;;
07/01/2024;142,37;;;;;;;
08/01/2024;141,34;;;;;;;
09/01/2024;139,33;;;;;;;
10/01/2024;137,38;;;;;;;
11/01/2024;132,46;;;;;;;
12/01/2024;131,4;;;;;;;
13/01/2024;131,4;;;;;;;
14/01/2024;131,4;;;;;;;
15/01/2024;128,48;;;;;;;
16/01/2024;128,56;;;;;;;
17/01/2024;130,58;;;;;;;
18/01/2024;132,59;;;;;;;
19/01/2024;132,51;;;;;;;
20/01/2024;132,51;;;;;;;
21/01/2024;132,51;;;;;;;
22/01/2024;131,55;;;;;;;
23/01/2024;135,43;;;;;;;
24/01/2024;140,39;;;;;;;
25/01/2024;140,41;;;;;;;
26/01/2024;139,32;;;;;;;
27/01/2024;139,32;;;;;;;
28/01/2024;139,32;;;;;;;
29/01/2024;137,46;;;;;;;
30/01/2024;136,39;;;;;;;
31/01/2024;136,49;;;;;;;
01/02/2024;139,3;;;;;;;
02/02/2024;135,41;;;;;;;
03/02/2024;135,41;;;;;;;
04/02/2024;135,41;;;;;;;
05/02/2024;135,62;;;;;;;
06/02/2024;137,53;;;;;;;
07/02/2024;135,39;;;;;;;
08/02/2024;133,51;;;;;;;
09/02/2024;135,49;;;;;;;
10/02/2024;135,49;;;;;;;
11/02/2024;135,49;;;;;;;
12/02/2024;135,49;;;;;;;
13/02/2024;134,46;;;;;;;
14/02/2024;135,63;;;;;;;
15/02/2024;132,46;;;;;;;
16/02/2024;131,53;;;;;;;
17/02/2024;131,53;;;;;;;
18/02/2024;131,53;;;;;;;
19/02/2024;130,6;;;;;;;
20/02/2024;130,57;;;;;;;
21/02/2024;133,51;;;;;;;
22/02/2024;132,58;;;;;;;
23/02/2024;125,68;;;;;;;
24/02/2024;125,68;;;;;;;
25/02/2024;125,68;;;;;;;
26/02/2024;122,68;;;;;;;
27/02/2024;123,7;;;;;;;
28/02/2024;126,66;;;;;;;
29/02/2024;126,63;;;;;;;
01/03/2024;124,66;;;;;;;
02/03/2024;124,66;;;;;;;
03/03/2024;124,66;;;;;;;
04/03/2024;124,63;;;;;;;
05/03/2024;124,71;;;;;;;
06/03/2024;127,6;;;;;;;
07/03/2024;128,63;;;;;;;
08/03/2024;127,61;;;;;;;
09/03/2024;127,61;;;;;;;
10/03/2024;127,61;;;;;;;
11/03/2024;129,6;;;;;;;
12/03/2024;128,65;;;;;;;
13/03/2024;124,72;;;;;;;
14/03/2024;120,76;;;;;;;
15/03/2024;123,75;;;;;;;
16/03/2024;123,75;;;;;;;
17/03/2024;123,75;;;;;;;
18/03/2024;124,71;;;;;;;
19/03/2024;124,7;;;;;;;
20/03/2024;124,67;;;;;;;
21/03/2024;135,41;;;;;;;
22/03/2024;131,53;;;;;;;
23/03/2024;131,53;;;;;;;
24/03/2024;131,53;;;;;;;
25/03/2024;135,42;;;;;;;
26/03/2024;133,54;;;;;;;
27/03/2024;133,48;;;;;;;
28/03/2024;135,45;;;;;;;
29/03/2024;138,47;;;;;;;
30/03/2024;138,47;;;;;;;
31/03/2024;138,47;;;;;;;
01/04/2024;138,42;;;;;;;
02/04/2024;140,51;;;;;;;
03/04/2024;143,36;;;;;;;
04/04/2024;145,31;;;;;;;
05/04/2024;148,26;;;;;;;
06/04/2024;148,26;;;;;;;
07/04/2024;148,26;;;;;;;
08/04/2024;147,4;;;;;;;
09/04/2024;144,38;;;;;;;
10/04/2024;142,3;;;;;;;
11/04/2024;146,58;;;;;;;
12/04/2024;148,26;;;;;;;
13/04/2024;148,26;;;;;;;
14/04/2024;148,26;;;;;;;
15/04/2024;153,11;;;;;;;
16/04/2024;159,15;;;;;;;
17/04/2024;162,11;;;;;;;
18/04/2024;161,94;;;;;;;
19/04/2024;163,1;;;;;;;
20/04/2024;163,1;;;;;;;
21/04/2024;163,1;;;;;;;
22/04/2024;162,02;;;;;;;
23/04/2024;157,09;;;;;;;
24/04/2024;152,14;;;;;;;
25/04/2024;151,24;;;;;;;
26/04/2024;154,24;;;;;;;
27/04/2024;154,24;;;;;;;
28/04/2024;154,24;;;;;;;
29/04/2024;150,21;;;;;;;
30/04/2024;146,24;;;;;;;
01/05/2024;149,32;;;;;;;
02/05/2024;144,23;;;;;;;
03/05/2024;142,28;;;;;;;
04/05/2024;142,28;;;;;;;
05/05/2024;142,28;;;;;;;
06/05/2024;137,36;;;;;;;
07/05/2024;135,48;;;;;;;
08/05/2024;135,48;;;;;;;
09/05/2024;138,47;;;;;;;
10/05/2024;138,42;;;;;;;
11/05/2024;138,42;;;;;;;
12/05/2024;138,42;;;;;;;
13/05/2024;139,47;;;;;;;
14/05/2024;138,93;;;;;;;
15/05/2024;99,37;;;;;;;
16/05/2024;141,29;;;;;;;
17/05/2024;140,48;;;;;;;
18/05/2024;140,48;;;;;;;
19/05/2024;140,48;;;;;;;
20/05/2024;139,47;;;;;;;
21/05/2024;140,45;;;;;;;
22/05/2024;140,4;;;;;;;
23/05/2024;144,41;;;;;;;
24/05/2024;148,38;;;;;;;
25/05/2024;148,38;;;;;;;
26/05/2024;148,38;;;;;;;
27/05/2024;146,34;;;;;;;
28/05/2024;146,34;;;;;;;
29/05/2024;146,4;;;;;;;
30/05/2024;197,96;;;;;;;
31/05/2024;197,94;;;;;;;
01/06/2024;197,94;;;;;;;
02/06/2024;197,94;;;;;;;
03/06/2024;143,35;;;;;;;
04/06/2024;141,83;;;;;;;
05/06/2024;144,8;;;;;;;
06/06/2024;143,35;;;;;;;
07/06/2024;144,37;;;;;;;
08/06/2024;144,37;;;;;;;
09/06/2024;144,37;;;;;;;
10/06/2024;146,53;;;;;;;
11/06/2024;146,37;;;;;;;
12/06/2024;149,25;;;;;;;
13/06/2024;200,49;;;;;;;
14/06/2024;152,98;;;;;;;
15/06/2024;152,98;;;;;;;
16/06/2024;152,98;;;;;;;
17/06/2024;158,11;;;;;;;
18/06/2024;159,23;;;;;;;
19/06/2024;158,04;;;;;;;
20/06/2024;158,15;;;;;;;
21/06/2024;162,1;;;;;;;
22/06/2024;162,1;;;;;;;
23/06/2024;162,1;;;;;;;
24/06/2024;165,01;;;;;;;
25/06/2024;161,07;;;;;;;
26/06/2024;160,11;;;;;;;
27/06/2024;164,14;;;;;;;
28/06/2024;166,94;;;;;;;
29/06/2024;166,94;;;;;;;
30/06/2024;166,94;;;;;;;
01/07/2024;169,97;;;;;;;
02/07/2024;169,03;;;;;;;
03/07/2024;168,84;;;;;;;
04/07/2024;161,94;;;;;;;
05/07/2024;162,03;;;;;;;
06/07/2024;162,03;;;;;;;
07/07/2024;162,03;;;;;;;
08/07/2024;156;;;;;;;
09/07/2024;153,21;;;;;;;
10/07/2024;153,2;;;;;;;
11/07/2024;147,29;;;;;;;
12/07/2024;148,12;;;;;;;
13/07/2024;148,12;;;;;;;
14/07/2024;148,12;;;;;;;
15/07/2024;145,28;;;;;;;
16/07/2024;148,28;;;;;;;
17/07/2024;148,24;;;;;;;
18/07/2024;152,22;;;;;;;
19/07/2024;152,22;;;;;;;
20/07/2024;152,22;;;;;;;
21/07/2024;152,22;;;;;;;
22/07/2024;157,2;;;;;;;
23/07/2024;153,22;;;;;;;
24/07/2024;153,17;;;;;;;
25/07/2024;159,08;;;;;;;
26/07/2024;158,12;;;;;;;
27/07/2024;158,12;;;;;;;
28/07/2024;158,12;;;;;;;
29/07/2024;155,11;;;;;;;
30/07/2024;156,16;;;;;;;
31/07/2024;156,16;;;;;;;
01/08/2024;158,01;;;;;;;
02/08/2024;162,89;;;;;;;
03/08/2024;162,89;;;;;;;
04/08/2024;162,89;;;;;;;
05/08/2024;170,45;;;;;;;
06/08/2024;176,81;;;;;;;
07/08/2024;175,96;;;;;;;
08/08/2024;170,9;;;;;;;
09/08/2024;165,03;;;;;;;
10/08/2024;165,03;;;;;;;
11/08/2024;165,03;;;;;;;
12/08/2024;163,96;;;;;;;
13/08/2024;164,89;;;;;;;
14/08/2024;160,92;;;;;;;
15/08/2024;156,13;;;;;;;
16/08/2024;150,34;;;;;;;
17/08/2024;150,34;;;;;;;
18/08/2024;150,34;;;;;;;
19/08/2024;151,15;;;;;;;
20/08/2024;145,3;;;;;;;
21/08/2024;147,19;;;;;;;
22/08/2024;146,26;;;;;;;
23/08/2024;145,24;;;;;;;
24/08/2024;145,24;;;;;;;
25/08/2024;145,24;;;;;;;
26/08/2024;145,24;;;;;;;
27/08/2024;142,9;;;;;;;
28/08/2024;141,89;;;;;;;
29/08/2024;143,87;;;;;;;
30/08/2024;144,87;;;;;;;
31/08/2024;144,87;;;;;;;
01/09/2024;144,87;;;;;;;
02/09/2024;149,31;;;;;;;
03/09/2024;149,28;;;;;;;
04/09/2024;158,07;;;;;;;
05/09/2024;154,06;;;;;;;
06/09/2024;154,18;;;;;;;
07/09/2024;154,18;;;;;;;
08/09/2024;154,18;;;;;;;
09/09/2024;156,07;;;;;;;
10/09/2024;154,2;;;;;;;
11/09/2024;157,07;;;;;;;
12/09/2024;154,25;;;;;;;
13/09/2024;152,23;;;;;;;
14/09/2024;152,23;;;;;;;
15/09/2024;152,23;;;;;;;
16/09/2024;152,18;;;;;;;
17/09/2024;151,22;;;;;;;
18/09/2024;147,36;;;;;;;
19/09/2024;147,36;;;;;;;
20/09/2024;136,45;;;;;;;
21/09/2024;136,45;;;;;;;
22/09/2024;136,45;;;;;;;
23/09/2024;155,06;;;;;;;
24/09/2024;155,06;;;;;;;
25/09/2024;155,01;;;;;;;
26/09/2024;158,06;;;;;;;
27/09/2024;153,16;;;;;;;
28/09/2024;153,16;;;;;;;
29/09/2024;153,16;;;;;;;
30/09/2024;153,03;;;;;;;
01/10/2024;153,03;;;;;;;
02/10/2024;151,09;;;;;;;
03/10/2024;151,09;;;;;;;
04/10/2024;151,09;;;;;;;
05/10/2024;151,09;;;;;;;
06/10/2024;151,09;;;;;;;
07/10/2024;143,49;;;;;;;
08/10/2024;146,3;;;;;;;
09/10/2024;150,41;;;;;;;
10/10/2024;149,23;;;;;;;
11/10/2024;151,12;;;;;;;
12/10/2024;151,12;;;;;;;
13/10/2024;151,12;;;;;;;
14/10/2024;151,12;;;;;;;
15/10/2024;155,1;;;;;;;
16/10/2024;153,1;;;;;;;
17/10/2024;154,09;;;;;;;
18/10/2024;151,22;;;;;;;
19/10/2024;151,22;;;;;;;
20/10/2024;151,22;;;;;;;
21/10/2024;150,15;;;;;;;
22/10/2024;154,25;;;;;;;
23/10/2024;156,09;;;;;;;
24/10/2024;159,07;;;;;;;
25/10/2024;157,02;;;;;;;
26/10/2024;157,02;;;;;;;
27/10/2024;157,02;;;;;;;
28/10/2024;157,09;;;;;;;
29/10/2024;157,09;;;;;;;
30/10/2024;153,58;;;;;;;
31/10/2024;154,19;;;;;;;
01/11/2024;157,57;;;;;;;
02/11/2024;157,57;;;;;;;
03/11/2024;157,57;;;;;;;
04/11/2024;160,9;;;;;;;
05/11/2024;164,91;;;;;;;
06/11/2024;165,03;;;;;;;
07/11/2024;155,08;;;;;;;
08/11/2024;153,44;;;;;;;
09/11/2024;153,44;;;;;;;
10/11/2024;153,44;;;;;;;
11/11/2024;153,47;;;;;;;
12/11/2024;153,49;;;;;;;
13/11/2024;160,64;;;;;;;
14/11/2024;159,45;;;;;;;
15/11/2024;161,49;;;;;;;
16/11/2024;161,49;;;;;;;
17/11/2024;161,49;;;;;;;
18/11/2024;166,33;;;;;;;
19/11/2024;163,32;;;;;;;
20/11/2024;158,03;;;;;;;
21/11/2024;156,14;;;;;;;
22/11/2024;154,17;;;;;;;
23/11/2024;154,17;;;;;;;
24/11/2024;154,17;;;;;;;
25/11/2024;155,14;;;;;;;
26/11/2024;153,02;;;;;;;
27/11/2024;154,19;;;;;;;
28/11/2024;157,98;;;;;;;
29/11/2024;161,52;;;;;;;
30/11/2024;161,52;;;;;;;
01/12/2024;161,52;;;;;;;
02/12/2024;161,46;;;;;;;
03/12/2024;168,91;;;;;;;
04/12/2024;170,86;;;;;;;
05/12/2024;167,82;;;;;;;
06/12/2024;164,48;;;;;;;
07/12/2024;164,48;;;;;;;
08/12/2024;164,48;;;;;;;
09/12/2024;166,38;;;;;;;
10/12/2024;172,87;;;;;;;
11/12/2024;168,94;;;;;;;
12/12/2024;163,04;;;;;;;
13/12/2024;166,5;;;;;;;
14/12/2024;166,5;;;;;;;
15/12/2024;166,5;;;;;;;
16/12/2024;172,43;;;;;;;
17/12/2024;180,65;;;;;;;
18/12/2024;187,02;;;;;;;
19/12/2024;218,14;;;;;;;
20/12/2024;208,05;;;;;;;
21/12/2024;208,05;;;;;;;
22/12/2024;208,05;;;;;;;
23/12/2024;200,14;;;;;;;
24/12/2024;198,35;;;;;;;
25/12/2024;198,3;;;;;;;
26/12/2024;198,24;;;;;;;
27/12/2024;198,24;;;;;;;
28/12/2024;198,24;;;;;;;
29/12/2024;198,24;;;;;;;
30/12/2024;205,02;;;;;;;
31/12/2024;214,17;;;;;;;
01/01/2025;214,31;;;;;;;
02/01/2025;214,38;;;;;;;
03/01/2025;208,95;;;;;;;
04/01/2025;208,95;;;;;;;
05/01/2025;208,95;;;;;;;
06/01/2025;199,17;;;;;;;
07/01/2025;192,35;;;;;;;
08/01/2025;188,48;;;;;;;
09/01/2025;192,75;;;;;;;
10/01/2025;188,88;;;;;;;
11/01/2025;188,88;;;;;;;
12/01/2025;188,88;;;;;;;
13/01/2025;197,49;;;;;;;
14/01/2025;194,32;;;;;;;
15/01/2025;192,29;;;;;;;
16/01/2025;186,2;;;;;;;
17/01/2025;187,34;;;;;;;
18/01/2025;187,34;;;;;;;
19/01/2025;187,34;;;;;;;
20/01/2025;186;;;;;;;
21/01/2025;180,59;;;;;;;
22/01/2025;181,57;;;;;;;
23/01/2025;175,29;;;;;;;
24/01/2025;172,8;;;;;;;
25/01/2025;172,8;;;;;;;
26/01/2025;172,8;;;;;;;
27/01/2025;173,72;;;;;;;
28/01/2025;179,51;;;;;;;
29/01/2025;178,71;;;;;;;
30/01/2025;177,29;;;;;;;
31/01/2025;177,15;;;;;;;
01/02/2025;177,15;;;;;;;
02/02/2025;177,15;;;;;;;
03/02/2025;174,78;;;;;;;
04/02/2025;177,28;;;;;;;
05/02/2025;171,26;;;;;;;
06/02/2025;172,67;;;;;;;
07/02/2025;172,82;;;;;;;
08/02/2025;172,82;;;;;;;
09/02/2025;172,82;;;;;;;
10/02/2025;170,93;;;;;;;
11/02/2025;171,8;;;;;;;
12/02/2025;171,85;;;;;;;
13/02/2025;168,05;;;;;;;
14/02/2025;167,79;;;;;;;
15/02/2025;167,79;;;;;;;
16/02/2025;167,79;;;;;;;
17/02/2025;165,83;;;;;;;
18/02/2025;165,93;;;;;;;
19/02/2025;163,57;;;;;;;
20/02/2025;164,46;;;;;;;
21/02/2025;164,47;;;;;;;
22/02/2025;164,47;;;;;;;
23/02/2025;164,47;;;;;;;
24/02/2025;168,29;;;;;;;
25/02/2025;170,37;;;;;;;
26/02/2025;170,75;;;;;;;
27/02/2025;170,84;;;;;;;
28/02/2025;176,29;;;;;;;
01/03/2025;176,29;;;;;;;
02/03/2025;176,29;;;;;;;
03/03/2025;178,14;;;;;;;
04/03/2025;184,09;;;;;;;
05/03/2025;178,77;;;;;;;
06/03/2025;173,83;;;;;;;
07/03/2025;173,79;;;;;;;
08/03/2025;173,79;;;;;;;
09/03/2025;173,79;;;;;;;
10/03/2025;178,08;;;;;;;
11/03/2025;178,33;;;;;;;
12/03/2025;174,93;;;;;;;
13/03/2025;178,2;;;;;;;
14/03/2025;173,96;;;;;;;
15/03/2025;173,96;;;;;;;
16/03/2025;173,96;;;;;;;
17/03/2025;174,88;;;;;;;
18/03/2025;170,39;;;;;;;
19/03/2025;167,39;;;;;;;
20/03/2025;189,73;;;;;;;
21/03/2025;190,23;;;;;;;
22/03/2025;190,23;;;;;;;
23/03/2025;190,23;;;;;;;
24/03/2025;182,63;;;;;;;
25/03/2025;179,45;;;;;;;
26/03/2025;181,99;;;;;;;
27/03/2025;180,98;;;;;;;
28/03/2025;185,17;;;;;;;
29/03/2025;185,17;;;;;;;
30/03/2025;185,17;;;;;;;
31/03/2025;188,36;;;;;;;
01/04/2025;182,86;;;;;;;
02/04/2025;184,04;;;;;;;
03/04/2025;188,78;;;;;;;
04/04/2025;199,72;;;;;;;
05/04/2025;199,72;;;;;;;
06/04/2025;199,72;;;;;;;
07/04/2025;200,24;;;;;;;
08/04/2025;210,58;;;;;;;
09/04/2025;185,9;;;;;;;
10/04/2025;197,98;;;;;;;
11/04/2025;198,35;;;;;;;
12/04/2025;198,35;;;;;;;
13/04/2025;198,35;;;;;;;
14/04/2025;192,94;;;;;;;
15/04/2025;191,18;;;;;;;
16/04/2025;198,93;;;;;;;
17/04/2025;194,17;;;;;;;
18/04/2025;194,16;;;;;;;
19/04/2025;194,16;;;;;;;
20/04/2025;194,16;;;;;;;
21/04/2025;194,03;;;;;;;
22/04/2025;198,19;;;;;;;
23/04/2025;191,31;;;;;;;
24/04/2025;184,83;;;;;;;
25/04/2025;182,49;;;;;;;
26/04/2025;182,49;;;;;;;
27/04/2025;182,49;;;;;;;
28/04/2025;182,46;;;;;;;
29/04/2025;180,45;;;;;;;
30/04/2025;181,91;;;;;;;
01/05/2025;182,1;;;;;;;
02/05/2025;179,77;;;;;;;
03/05/2025;179,77;;;;;;;
04/05/2025;179,77;;;;;;;
05/05/2025;179,57;;;;;;;
06/05/2025;179,98;;;;;;;
07/05/2025;177,63;;;;;;;
08/05/2025;177,84;;;;;;;
09/05/2025;177,07;;;;;;;
10/05/2025;177,07;;;;;;;
11/05/2025;177,07;;;;;;;
12/05/2025;163,1;;;;;;;
13/05/2025;161,97;;;;;;;
14/05/2025;162,5;;;;;;;
15/05/2025;164,77;;;;;;;
16/05/2025;164,93;;;;;;;
17/05/2025;164,93;;;;;;;
18/05/2025;164,93;;;;;;;
19/05/2025;165,37;;;;;;;
20/05/2025;161,49;;;;;;;
21/05/2025;164,99;;;;;;;
22/05/2025;167,82;;;;;;;
23/05/2025;168,78;;;;;;;
24/05/2025;168,78;;;;;;;
25/05/2025;168,78;;;;;;;
26/05/2025;168,86;;;;;;;
27/05/2025;162,94;;;;;;;
28/05/2025;163,03;;;;;;;
29/05/2025;161,39;;;;;;;
30/05/2025;160,44;;;;;;;
31/05/2025;160,44;;;;;;;
01/06/2025;160,44;;;;;;;
02/06/2025;157,1;;;;;;;
03/06/2025;155,1;;;;;;;
04/06/2025;156,44;;;;;;;
05/06/2025;160,06;;;;;;;
06/06/2025;157,24;;;;;;;
07/06/2025;157,24;;;;;;;
08/06/2025;157,24;;;;;;;
09/06/2025;155,51;;;;;;;
10/06/2025;154,58;;;;;;;
11/06/2025;151,06;;;;;;;
12/06/2025;149,62;;;;;;;
13/06/2025;152,18;;;;;;;
14/06/2025;152,18;;;;;;;
15/06/2025;152,18;;;;;;;
16/06/2025;151,2;;;;;;;
17/06/2025;151,6;;;;;;;
18/06/2025;156,08;;;;;;;
19/06/2025;158,04;;;;;;;
20/06/2025;156,55;;;;;;;
21/06/2025;156,55;;;;;;;
22/06/2025;156,55;;;;;;;
23/06/2025;155,49;;;;;;;
24/06/2025;149,69;;;;;;;
25/06/2025;150,7;;;;;;;
26/06/2025;152,09;;;;;;;
27/06/2025;151,19;;;;;;;
28/06/2025;151,19;;;;;;;
29/06/2025;151,19;;;;;;;
30/06/2025;147,7;;;;;;;
